Country,Year,Month,Events,Fatalities
Afghanistan,2017,April,30,78
Afghanistan,2017,August,56,178
Afghanistan,2017,December,46,193
Afghanistan,2017,February,54,119
Afghanistan,2017,January,65,80
Afghanistan,2017,July,81,179
Afghanistan,2017,June,41,159
Afghanistan,2017,March,51,45
Afghanistan,2017,May,51,91
Afghanistan,2017,November,40,56
Afghanistan,2017,October,55,185
Afghanistan,2017,September,74,71
Afghanistan,2018,April,40,175
Afghanistan,2018,August,73,113
Afghanistan,2018,December,26,111
Afghanistan,2018,February,57,47
Afghanistan,2018,January,59,191
Afghanistan,2018,July,89,162
Afghanistan,2018,June,70,142
Afghanistan,2018,March,45,136
Afghanistan,2018,May,71,90
Afghanistan,2018,November,41,117
Afghanistan,2018,October,64,159
Afghanistan,2018,September,53,142
Afghanistan,2019,April,30,50
Afghanistan,2019,August,125,177
Afghanistan,2019,December,71,112
Afghanistan,2019,February,29,63
Afghanistan,2019,January,25,59
Afghanistan,2019,July,100,192
Afghanistan,2019,June,67,64
Afghanistan,2019,March,54,115
Afghanistan,2019,May,59,157
Afghanistan,2019,November,61,131
Afghanistan,2019,October,100,186
Afghanistan,2019,September,151,176
Afghanistan,2020,April,111,177
Afghanistan,2020,August,164,250
Afghanistan,2020,December,128,170
Afghanistan,2020,February,70,62
Afghanistan,2020,January,87,84
Afghanistan,2020,July,167,226
Afghanistan,2020,June,139,269
Afghanistan,2020,March,88,89
Afghanistan,2020,May,126,240
Afghanistan,2020,November,164,299
Afghanistan,2020,October,187,313
Afghanistan,2020,September,152,177
Afghanistan,2021,April,219,184
Afghanistan,2021,August,115,170
Afghanistan,2021,December,106,67
Afghanistan,2021,February,156,149
Afghanistan,2021,January,146,183
Afghanistan,2021,July,127,296
Afghanistan,2021,June,193,222
Afghanistan,2021,March,148,166
Afghanistan,2021,May,174,350
Afghanistan,2021,November,96,106
Afghanistan,2021,October,68,230
Afghanistan,2021,September,71,98
Afghanistan,2022,April,111,296
Afghanistan,2022,August,106,108
Afghanistan,2022,December,76,46
Afghanistan,2022,February,107,95
Afghanistan,2022,January,128,104
Afghanistan,2022,July,91,66
Afghanistan,2022,June,101,119
Afghanistan,2022,March,121,76
Afghanistan,2022,May,126,117
Afghanistan,2022,November,81,66
Afghanistan,2022,October,92,83
Afghanistan,2022,September,102,181
Afghanistan,2023,April,62,36
Afghanistan,2023,August,57,30
Afghanistan,2023,December,29,23
Afghanistan,2023,February,65,35
Afghanistan,2023,January,66,66
Afghanistan,2023,July,53,23
Afghanistan,2023,June,38,38
Afghanistan,2023,March,69,64
Afghanistan,2023,May,63,37
Afghanistan,2023,November,40,31
Afghanistan,2023,October,32,48
Afghanistan,2023,September,51,31
Afghanistan,2024,April,34,28
Afghanistan,2024,August,55,21
Afghanistan,2024,December,37,68
Afghanistan,2024,February,49,23
Afghanistan,2024,January,69,51
Afghanistan,2024,July,63,25
Afghanistan,2024,June,35,22
Afghanistan,2024,March,35,31
Afghanistan,2024,May,41,34
Afghanistan,2024,November,61,36
Afghanistan,2024,October,41,21
Afghanistan,2024,September,39,47
Afghanistan,2025,April,22,11
Afghanistan,2025,August,50,32
Afghanistan,2025,December,37,21
Afghanistan,2025,February,43,15
Afghanistan,2025,January,58,26
Afghanistan,2025,July,45,25
Afghanistan,2025,June,23,21
Afghanistan,2025,March,24,24
Afghanistan,2025,May,45,11
Afghanistan,2025,November,39,36
Afghanistan,2025,October,35,40
Afghanistan,2025,September,47,25
Afghanistan,2026,April,52,43
Afghanistan,2026,February,43,68
Afghanistan,2026,January,40,19
Afghanistan,2026,July,42,20
Afghanistan,2026,June,40,61
Afghanistan,2026,March,63,332
Afghanistan,2026,May,43,36
Colombia,2018,April,106,95
Colombia,2018,August,111,98
Colombia,2018,December,113,100
Colombia,2018,February,58,51
Colombia,2018,January,103,128
Colombia,2018,July,100,109
Colombia,2018,June,95,96
Colombia,2018,March,57,46
Colombia,2018,May,93,77
Colombia,2018,November,93,77
Colombia,2018,October,78,83
Colombia,2018,September,79,65
Colombia,2019,April,93,84
Colombia,2019,August,86,84
Colombia,2019,December,51,50
Colombia,2019,February,105,98
Colombia,2019,January,101,93
Colombia,2019,July,82,72
Colombia,2019,June,102,96
Colombia,2019,March,110,120
Colombia,2019,May,113,104
Colombia,2019,November,55,46
Colombia,2019,October,85,75
Colombia,2019,September,66,65
Colombia,2020,April,75,75
Colombia,2020,August,90,113
Colombia,2020,December,150,168
Colombia,2020,February,85,81
Colombia,2020,January,109,121
Colombia,2020,July,81,95
Colombia,2020,June,72,67
Colombia,2020,March,98,95
Colombia,2020,May,67,72
Colombia,2020,November,152,173
Colombia,2020,October,81,74
Colombia,2020,September,122,146
Colombia,2021,April,180,185
Colombia,2021,August,127,120
Colombia,2021,December,85,80
Colombia,2021,February,91,99
Colombia,2021,January,135,149
Colombia,2021,July,146,167
Colombia,2021,June,156,143
Colombia,2021,March,140,141
Colombia,2021,May,191,181
Colombia,2021,November,90,76
Colombia,2021,October,125,115
Colombia,2021,September,96,72
Colombia,2022,April,137,149
Colombia,2022,August,155,152
Colombia,2022,December,104,93
Colombia,2022,February,168,150
Colombia,2022,January,162,184
Colombia,2022,July,185,187
Colombia,2022,June,117,110
Colombia,2022,March,141,158
Colombia,2022,May,146,121
Colombia,2022,November,150,134
Colombia,2022,October,150,145
Colombia,2022,September,130,129
Colombia,2023,April,144,121
Colombia,2023,August,166,125
Colombia,2023,December,167,161
Colombia,2023,February,152,125
Colombia,2023,January,162,157
Colombia,2023,July,172,130
Colombia,2023,June,137,116
Colombia,2023,March,152,119
Colombia,2023,May,167,133
Colombia,2023,November,171,158
Colombia,2023,October,156,102
Colombia,2023,September,136,97
Colombia,2024,April,122,68
Colombia,2024,August,143,120
Colombia,2024,December,109,105
Colombia,2024,February,139,117
Colombia,2024,January,193,152
Colombia,2024,July,93,61
Colombia,2024,June,112,102
Colombia,2024,March,139,107
Colombia,2024,May,105,79
Colombia,2024,November,116,100
Colombia,2024,October,132,109
Colombia,2024,September,114,80
Colombia,2025,April,135,118
Colombia,2025,August,151,148
Colombia,2025,December,104,86
Colombia,2025,February,123,104
Colombia,2025,January,134,127
Colombia,2025,July,131,131
Colombia,2025,June,81,85
Colombia,2025,March,157,136
Colombia,2025,May,137,115
Colombia,2025,November,118,98
Colombia,2025,October,116,85
Colombia,2025,September,177,164
Colombia,2026,April,129,150
Colombia,2026,February,106,92
Colombia,2026,January,98,103
Colombia,2026,July,245,215
Colombia,2026,June,129,112
Colombia,2026,March,100,69
Colombia,2026,May,108,98
Ethiopia,1997,April,4,1
Ethiopia,1997,August,1,0
Ethiopia,1997,December,0,0
Ethiopia,1997,February,1,2
Ethiopia,1997,January,0,0
Ethiopia,1997,July,0,0
Ethiopia,1997,June,2,19
Ethiopia,1997,March,1,0
Ethiopia,1997,May,1,1
Ethiopia,1997,November,0,0
Ethiopia,1997,October,1,3
Ethiopia,1997,September,3,5
Ethiopia,1998,April,2,5
Ethiopia,1998,August,0,0
Ethiopia,1998,December,2,3
Ethiopia,1998,February,1,1
Ethiopia,1998,January,0,0
Ethiopia,1998,July,1,18
Ethiopia,1998,June,6,55
Ethiopia,1998,March,0,0
Ethiopia,1998,May,2,17
Ethiopia,1998,November,2,4
Ethiopia,1998,October,7,28
Ethiopia,1998,September,0,0
Ethiopia,1999,April,1,0
Ethiopia,1999,August,3,27
Ethiopia,1999,December,0,0
Ethiopia,1999,February,5,939
Ethiopia,1999,January,1,15
Ethiopia,1999,July,0,0
Ethiopia,1999,June,0,0
Ethiopia,1999,March,4,0
Ethiopia,1999,May,0,0
Ethiopia,1999,November,1,2
Ethiopia,1999,October,2,5
Ethiopia,1999,September,0,0
Ethiopia,2000,April,0,0
Ethiopia,2000,August,0,0
Ethiopia,2000,December,0,0
Ethiopia,2000,February,1,1
Ethiopia,2000,January,1,5
Ethiopia,2000,July,0,0
Ethiopia,2000,June,1,0
Ethiopia,2000,March,1,14
Ethiopia,2000,May,0,0
Ethiopia,2000,November,1,0
Ethiopia,2000,October,0,0
Ethiopia,2000,September,0,0
Ethiopia,2001,April,0,0
Ethiopia,2001,August,1,0
Ethiopia,2001,December,0,0
Ethiopia,2001,February,0,0
Ethiopia,2001,January,2,3
Ethiopia,2001,July,1,0
Ethiopia,2001,June,1,3
Ethiopia,2001,March,1,8
Ethiopia,2001,May,1,4
Ethiopia,2001,November,1,20
Ethiopia,2001,October,0,0
Ethiopia,2001,September,2,8
Ethiopia,2002,April,7,8
Ethiopia,2002,August,3,28
Ethiopia,2002,December,6,0
Ethiopia,2002,February,2,4
Ethiopia,2002,January,0,0
Ethiopia,2002,July,1,3
Ethiopia,2002,June,6,0
Ethiopia,2002,March,6,117
Ethiopia,2002,May,5,170
Ethiopia,2002,November,3,84
Ethiopia,2002,October,1,20
Ethiopia,2002,September,2,4
Ethiopia,2003,April,0,0
Ethiopia,2003,August,3,11
Ethiopia,2003,December,5,111
Ethiopia,2003,February,1,4
Ethiopia,2003,January,0,0
Ethiopia,2003,July,1,0
Ethiopia,2003,June,0,0
Ethiopia,2003,March,0,0
Ethiopia,2003,May,1,0
Ethiopia,2003,November,1,0
Ethiopia,2003,October,2,4
Ethiopia,2003,September,4,5
Ethiopia,2004,April,2,0
Ethiopia,2004,August,0,0
Ethiopia,2004,December,2,14
Ethiopia,2004,February,0,0
Ethiopia,2004,January,0,0
Ethiopia,2004,July,2,11
Ethiopia,2004,June,0,0
Ethiopia,2004,March,2,5
Ethiopia,2004,May,2,2
Ethiopia,2004,November,0,0
Ethiopia,2004,October,1,2
Ethiopia,2004,September,0,0
Ethiopia,2005,April,6,16
Ethiopia,2005,August,0,0
Ethiopia,2005,December,1,5
Ethiopia,2005,February,0,0
Ethiopia,2005,January,1,5
Ethiopia,2005,July,3,9
Ethiopia,2005,June,4,30
Ethiopia,2005,March,1,0
Ethiopia,2005,May,0,0
Ethiopia,2005,November,5,84
Ethiopia,2005,October,3,4
Ethiopia,2005,September,1,0
Ethiopia,2006,April,2,0
Ethiopia,2006,August,0,0
Ethiopia,2006,December,0,0
Ethiopia,2006,February,3,0
Ethiopia,2006,January,3,3
Ethiopia,2006,July,0,0
Ethiopia,2006,June,0,0
Ethiopia,2006,March,6,3
Ethiopia,2006,May,2,0
Ethiopia,2006,November,1,3
Ethiopia,2006,October,1,0
Ethiopia,2006,September,3,2
Ethiopia,2007,April,2,74
Ethiopia,2007,August,0,0
Ethiopia,2007,December,0,0
Ethiopia,2007,February,0,0
Ethiopia,2007,January,0,0
Ethiopia,2007,July,1,57
Ethiopia,2007,June,1,0
Ethiopia,2007,March,0,0
Ethiopia,2007,May,0,0
Ethiopia,2007,November,1,0
Ethiopia,2007,October,0,0
Ethiopia,2007,September,2,0
Ethiopia,2008,April,1,0
Ethiopia,2008,August,0,0
Ethiopia,2008,December,7,9
Ethiopia,2008,February,2,0
Ethiopia,2008,January,2,0
Ethiopia,2008,July,1,0
Ethiopia,2008,June,0,0
Ethiopia,2008,March,1,0
Ethiopia,2008,May,6,26
Ethiopia,2008,November,3,0
Ethiopia,2008,October,0,0
Ethiopia,2008,September,4,0
Ethiopia,2009,April,0,0
Ethiopia,2009,August,0,0
Ethiopia,2009,December,1,1
Ethiopia,2009,February,2,14
Ethiopia,2009,January,0,0
Ethiopia,2009,July,4,0
Ethiopia,2009,June,4,10
Ethiopia,2009,March,1,0
Ethiopia,2009,May,1,0
Ethiopia,2009,November,0,0
Ethiopia,2009,October,1,0
Ethiopia,2009,September,0,0
Ethiopia,2010,April,4,8
Ethiopia,2010,August,9,3
Ethiopia,2010,December,1,3
Ethiopia,2010,February,16,0
Ethiopia,2010,January,3,1
Ethiopia,2010,July,2,12
Ethiopia,2010,June,1,0
Ethiopia,2010,March,8,1
Ethiopia,2010,May,6,73
Ethiopia,2010,November,2,7
Ethiopia,2010,October,2,7
Ethiopia,2010,September,0,0
Ethiopia,2011,April,1,2
Ethiopia,2011,August,1,0
Ethiopia,2011,December,0,0
Ethiopia,2011,February,3,6
Ethiopia,2011,January,2,11
Ethiopia,2011,July,0,0
Ethiopia,2011,June,0,0
Ethiopia,2011,March,2,0
Ethiopia,2011,May,1,100
Ethiopia,2011,November,0,0
Ethiopia,2011,October,2,2
Ethiopia,2011,September,2,31
Ethiopia,2012,April,3,10
Ethiopia,2012,August,1,1
Ethiopia,2012,December,5,1
Ethiopia,2012,February,5,45
Ethiopia,2012,January,2,5
Ethiopia,2012,July,4,21
Ethiopia,2012,June,3,1
Ethiopia,2012,March,4,54
Ethiopia,2012,May,3,24
Ethiopia,2012,November,1,1
Ethiopia,2012,October,5,36
Ethiopia,2012,September,1,14
Ethiopia,2013,April,0,0
Ethiopia,2013,August,3,0
Ethiopia,2013,December,1,8
Ethiopia,2013,February,1,0
Ethiopia,2013,January,3,44
Ethiopia,2013,July,2,2
Ethiopia,2013,June,1,0
Ethiopia,2013,March,3,30
Ethiopia,2013,May,3,27
Ethiopia,2013,November,5,22
Ethiopia,2013,October,2,0
Ethiopia,2013,September,0,0
Ethiopia,2014,April,13,44
Ethiopia,2014,August,1,0
Ethiopia,2014,December,3,3
Ethiopia,2014,February,0,0
Ethiopia,2014,January,0,0
Ethiopia,2014,July,0,0
Ethiopia,2014,June,1,10
Ethiopia,2014,March,0,0
Ethiopia,2014,May,4,14
Ethiopia,2014,November,0,0
Ethiopia,2014,October,1,1
Ethiopia,2014,September,3,10
Ethiopia,2015,April,0,0
Ethiopia,2015,August,1,4
Ethiopia,2015,December,105,206
Ethiopia,2015,February,0,0
Ethiopia,2015,January,1,0
Ethiopia,2015,July,0,0
Ethiopia,2015,June,2,2
Ethiopia,2015,March,0,0
Ethiopia,2015,May,0,0
Ethiopia,2015,November,9,3
Ethiopia,2015,October,1,0
Ethiopia,2015,September,1,0
Ethiopia,2016,April,8,220
Ethiopia,2016,August,82,231
Ethiopia,2016,December,9,15
Ethiopia,2016,February,77,129
Ethiopia,2016,January,56,61
Ethiopia,2016,July,21,21
Ethiopia,2016,June,12,16
Ethiopia,2016,March,34,25
Ethiopia,2016,May,10,3
Ethiopia,2016,November,9,89
Ethiopia,2016,October,34,349
Ethiopia,2016,September,22,52
Ethiopia,2017,April,9,9
Ethiopia,2017,August,9,14
Ethiopia,2017,December,11,45
Ethiopia,2017,February,7,14
Ethiopia,2017,January,16,70
Ethiopia,2017,July,11,9
Ethiopia,2017,June,4,3
Ethiopia,2017,March,10,22
Ethiopia,2017,May,4,3
Ethiopia,2017,November,21,105
Ethiopia,2017,October,19,32
Ethiopia,2017,September,22,72
Ethiopia,2018,April,36,49
Ethiopia,2018,August,30,145
Ethiopia,2018,December,25,97
Ethiopia,2018,February,20,31
Ethiopia,2018,January,17,24
Ethiopia,2018,July,23,38
Ethiopia,2018,June,40,41
Ethiopia,2018,March,41,65
Ethiopia,2018,May,28,34
Ethiopia,2018,November,19,26
Ethiopia,2018,October,18,40
Ethiopia,2018,September,23,74
Ethiopia,2019,April,3,3
Ethiopia,2019,August,8,22
Ethiopia,2019,December,6,5
Ethiopia,2019,February,5,14
Ethiopia,2019,January,9,57
Ethiopia,2019,July,5,42
Ethiopia,2019,June,6,67
Ethiopia,2019,March,6,11
Ethiopia,2019,May,6,90
Ethiopia,2019,November,8,7
Ethiopia,2019,October,7,19
Ethiopia,2019,September,3,3
Ethiopia,2020,April,8,11
Ethiopia,2020,August,22,40
Ethiopia,2020,December,41,489
Ethiopia,2020,February,13,15
Ethiopia,2020,January,11,27
Ethiopia,2020,July,13,39
Ethiopia,2020,June,16,41
Ethiopia,2020,March,13,21
Ethiopia,2020,May,12,17
Ethiopia,2020,November,70,1646
Ethiopia,2020,October,14,66
Ethiopia,2020,September,10,43
Ethiopia,2021,April,37,270
Ethiopia,2021,August,40,454
Ethiopia,2021,December,57,657
Ethiopia,2021,February,29,356
Ethiopia,2021,January,34,440
Ethiopia,2021,July,32,433
Ethiopia,2021,June,26,127
Ethiopia,2021,March,21,132
Ethiopia,2021,May,23,59
Ethiopia,2021,November,64,246
Ethiopia,2021,October,39,135
Ethiopia,2021,September,44,169
Ethiopia,2022,April,33,105
Ethiopia,2022,August,47,291
Ethiopia,2022,December,34,115
Ethiopia,2022,February,32,126
Ethiopia,2022,January,43,234
Ethiopia,2022,July,38,247
Ethiopia,2022,June,36,547
Ethiopia,2022,March,41,105
Ethiopia,2022,May,29,84
Ethiopia,2022,November,59,263
Ethiopia,2022,October,57,409
Ethiopia,2022,September,49,359
Ethiopia,2023,April,23,38
Ethiopia,2023,August,58,131
Ethiopia,2023,December,49,168
Ethiopia,2023,February,23,45
Ethiopia,2023,January,30,67
Ethiopia,2023,July,31,47
Ethiopia,2023,June,60,127
Ethiopia,2023,March,27,55
Ethiopia,2023,May,40,86
Ethiopia,2023,November,58,207
Ethiopia,2023,October,49,130
Ethiopia,2023,September,73,201
Ethiopia,2024,April,64,192
Ethiopia,2024,August,73,157
Ethiopia,2024,December,49,128
Ethiopia,2024,February,49,129
Ethiopia,2024,January,53,122
Ethiopia,2024,July,74,203
Ethiopia,2024,June,76,277
Ethiopia,2024,March,54,135
Ethiopia,2024,May,64,102
Ethiopia,2024,November,63,236
Ethiopia,2024,October,80,297
Ethiopia,2024,September,49,126
Ethiopia,2025,April,48,233
Ethiopia,2025,August,64,96
Ethiopia,2025,December,54,113
Ethiopia,2025,February,34,43
Ethiopia,2025,January,36,62
Ethiopia,2025,July,51,125
Ethiopia,2025,June,54,101
Ethiopia,2025,March,37,96
Ethiopia,2025,May,34,76
Ethiopia,2025,November,55,149
Ethiopia,2025,October,44,105
Ethiopia,2025,September,47,97
Ethiopia,2026,April,41,116
Ethiopia,2026,February,39,90
Ethiopia,2026,January,33,64
Ethiopia,2026,July,36,41
Ethiopia,2026,June,36,52
Ethiopia,2026,March,44,69
Ethiopia,2026,May,44,90
Haiti,2018,April,8,6
Haiti,2018,August,8,3
Haiti,2018,December,12,10
Haiti,2018,February,3,1
Haiti,2018,January,0,0
Haiti,2018,July,10,9
Haiti,2018,June,4,3
Haiti,2018,March,5,3
Haiti,2018,May,10,12
Haiti,2018,November,17,92
Haiti,2018,October,20,12
Haiti,2018,September,14,9
Haiti,2019,April,13,53
Haiti,2019,August,14,11
Haiti,2019,December,15,12
Haiti,2019,February,5,3
Haiti,2019,January,7,5
Haiti,2019,July,10,14
Haiti,2019,June,14,11
Haiti,2019,March,16,16
Haiti,2019,May,18,12
Haiti,2019,November,37,39
Haiti,2019,October,28,20
Haiti,2019,September,22,11
Haiti,2020,April,16,18
Haiti,2020,August,31,42
Haiti,2020,December,29,8
Haiti,2020,February,29,20
Haiti,2020,January,23,17
Haiti,2020,July,44,82
Haiti,2020,June,23,30
Haiti,2020,March,21,19
Haiti,2020,May,20,29
Haiti,2020,November,47,41
Haiti,2020,October,48,34
Haiti,2020,September,29,20
Haiti,2021,April,51,25
Haiti,2021,August,30,11
Haiti,2021,December,40,22
Haiti,2021,February,32,12
Haiti,2021,January,45,17
Haiti,2021,July,18,11
Haiti,2021,June,25,43
Haiti,2021,March,34,28
Haiti,2021,May,31,35
Haiti,2021,November,39,15
Haiti,2021,October,44,15
Haiti,2021,September,35,23
Haiti,2022,April,43,131
Haiti,2022,August,24,23
Haiti,2022,December,31,33
Haiti,2022,February,39,20
Haiti,2022,January,36,43
Haiti,2022,July,72,47
Haiti,2022,June,42,20
Haiti,2022,March,35,12
Haiti,2022,May,64,70
Haiti,2022,November,40,136
Haiti,2022,October,55,98
Haiti,2022,September,38,36
Haiti,2023,April,65,265
Haiti,2023,August,76,69
Haiti,2023,December,50,61
Haiti,2023,February,58,74
Haiti,2023,January,35,21
Haiti,2023,July,60,69
Haiti,2023,June,33,31
Haiti,2023,March,100,101
Haiti,2023,May,59,174
Haiti,2023,November,58,49
Haiti,2023,October,49,50
Haiti,2023,September,37,52
Haiti,2024,April,50,63
Haiti,2024,August,34,58
Haiti,2024,December,79,579
Haiti,2024,February,60,66
Haiti,2024,January,67,160
Haiti,2024,July,42,39
Haiti,2024,June,28,51
Haiti,2024,March,72,95
Haiti,2024,May,59,53
Haiti,2024,November,108,183
Haiti,2024,October,59,208
Haiti,2024,September,34,42
Haiti,2025,April,59,151
Haiti,2025,August,38,52
Haiti,2025,December,53,151
Haiti,2025,February,131,188
Haiti,2025,January,104,287
Haiti,2025,July,59,79
Haiti,2025,June,51,79
Haiti,2025,March,129,326
Haiti,2025,May,56,133
Haiti,2025,November,69,84
Haiti,2025,October,62,70
Haiti,2025,September,30,91
Haiti,2026,April,43,42
Haiti,2026,February,45,39
Haiti,2026,January,53,74
Haiti,2026,July,33,56
Haiti,2026,June,32,29
Haiti,2026,March,56,141
Haiti,2026,May,49,70
Myanmar,2010,April,8,15
Myanmar,2010,August,3,3
Myanmar,2010,December,4,9
Myanmar,2010,February,9,6
Myanmar,2010,January,7,3
Myanmar,2010,July,6,4
Myanmar,2010,June,0,0
Myanmar,2010,March,7,15
Myanmar,2010,May,5,4
Myanmar,2010,November,9,4
Myanmar,2010,October,3,3
Myanmar,2010,September,5,3
Myanmar,2011,April,9,11
Myanmar,2011,August,10,11
Myanmar,2011,December,12,6
Myanmar,2011,February,3,5
Myanmar,2011,January,1,1
Myanmar,2011,July,5,4
Myanmar,2011,June,27,32
Myanmar,2011,March,11,4
Myanmar,2011,May,3,1
Myanmar,2011,November,15,28
Myanmar,2011,October,31,24
Myanmar,2011,September,9,5
Myanmar,2012,April,7,6
Myanmar,2012,August,9,3
Myanmar,2012,December,8,1
Myanmar,2012,February,1,2
Myanmar,2012,January,8,12
Myanmar,2012,July,15,17
Myanmar,2012,June,27,63
Myanmar,2012,March,12,3
Myanmar,2012,May,8,4
Myanmar,2012,November,4,1
Myanmar,2012,October,15,67
Myanmar,2012,September,5,2
Myanmar,2013,April,11,11
Myanmar,2013,August,8,3
Myanmar,2013,December,5,9
Myanmar,2013,February,7,5
Myanmar,2013,January,8,12
Myanmar,2013,July,5,2
Myanmar,2013,June,5,3
Myanmar,2013,March,17,38
Myanmar,2013,May,7,4
Myanmar,2013,November,12,6
Myanmar,2013,October,15,15
Myanmar,2013,September,11,5
Myanmar,2014,April,7,0
Myanmar,2014,August,7,2
Myanmar,2014,December,5,6
Myanmar,2014,February,1,0
Myanmar,2014,January,14,53
Myanmar,2014,July,11,4
Myanmar,2014,June,7,5
Myanmar,2014,March,10,1
Myanmar,2014,May,15,6
Myanmar,2014,November,9,4
Myanmar,2014,October,15,14
Myanmar,2014,September,6,6
Myanmar,2015,April,16,7
Myanmar,2015,August,4,1
Myanmar,2015,December,8,3
Myanmar,2015,February,16,108
Myanmar,2015,January,14,12
Myanmar,2015,July,4,2
Myanmar,2015,June,6,2
Myanmar,2015,March,7,7
Myanmar,2015,May,7,3
Myanmar,2015,November,19,22
Myanmar,2015,October,16,5
Myanmar,2015,September,7,1
Myanmar,2016,April,2,0
Myanmar,2016,August,8,6
Myanmar,2016,December,38,45
Myanmar,2016,February,10,15
Myanmar,2016,January,9,2
Myanmar,2016,July,11,8
Myanmar,2016,June,15,27
Myanmar,2016,March,15,4
Myanmar,2016,May,21,28
Myanmar,2016,November,46,129
Myanmar,2016,October,25,33
Myanmar,2016,September,5,4
Myanmar,2017,April,7,6
Myanmar,2017,August,95,974
Myanmar,2017,December,23,8
Myanmar,2017,February,10,7
Myanmar,2017,January,14,13
Myanmar,2017,July,17,10
Myanmar,2017,June,8,7
Myanmar,2017,March,7,3
Myanmar,2017,May,13,10
Myanmar,2017,November,5,3
Myanmar,2017,October,9,3
Myanmar,2017,September,14,46
Myanmar,2018,April,16,10
Myanmar,2018,August,19,8
Myanmar,2018,December,19,8
Myanmar,2018,February,8,3
Myanmar,2018,January,13,21
Myanmar,2018,July,15,9
Myanmar,2018,June,8,5
Myanmar,2018,March,12,2
Myanmar,2018,May,17,11
Myanmar,2018,November,13,5
Myanmar,2018,October,29,7
Myanmar,2018,September,23,12
Myanmar,2019,April,18,24
Myanmar,2019,August,28,16
Myanmar,2019,December,42,22
Myanmar,2019,February,21,18
Myanmar,2019,January,20,3
Myanmar,2019,July,19,10
Myanmar,2019,June,27,16
Myanmar,2019,March,46,24
Myanmar,2019,May,35,24
Myanmar,2019,November,32,13
Myanmar,2019,October,53,14
Myanmar,2019,September,34,12
Myanmar,2020,April,41,48
Myanmar,2020,August,40,22
Myanmar,2020,December,15,3
Myanmar,2020,February,46,17
Myanmar,2020,January,52,27
Myanmar,2020,July,38,16
Myanmar,2020,June,37,13
Myanmar,2020,March,70,59
Myanmar,2020,May,42,14
Myanmar,2020,November,23,7
Myanmar,2020,October,60,19
Myanmar,2020,September,48,22
Myanmar,2021,April,165,187
Myanmar,2021,August,229,148
Myanmar,2021,December,286,292
Myanmar,2021,February,54,33
Myanmar,2021,January,34,13
Myanmar,2021,July,201,197
Myanmar,2021,June,264,203
Myanmar,2021,March,318,453
Myanmar,2021,May,254,166
Myanmar,2021,November,311,285
Myanmar,2021,October,349,283
Myanmar,2021,September,321,285
Myanmar,2022,April,297,266
Myanmar,2022,August,323,355
Myanmar,2022,December,232,220
Myanmar,2022,February,216,234
Myanmar,2022,January,315,319
Myanmar,2022,July,309,278
Myanmar,2022,June,316,300
Myanmar,2022,March,243,253
Myanmar,2022,May,329,359
Myanmar,2022,November,320,253
Myanmar,2022,October,335,336
Myanmar,2022,September,297,199
Myanmar,2023,April,255,375
Myanmar,2023,August,303,224
Myanmar,2023,December,385,337
Myanmar,2023,February,255,234
Myanmar,2023,January,291,265
Myanmar,2023,July,313,271
Myanmar,2023,June,298,281
Myanmar,2023,March,308,308
Myanmar,2023,May,277,264
Myanmar,2023,November,367,358
Myanmar,2023,October,282,290
Myanmar,2023,September,295,258
Myanmar,2024,April,336,274
Myanmar,2024,August,301,479
Myanmar,2024,December,367,201
Myanmar,2024,February,304,314
Myanmar,2024,January,351,468
Myanmar,2024,July,322,407
Myanmar,2024,June,299,361
Myanmar,2024,March,374,333
Myanmar,2024,May,343,412
Myanmar,2024,November,298,278
Myanmar,2024,October,326,338
Myanmar,2024,September,282,287
Myanmar,2025,April,308,293
Myanmar,2025,August,340,402
Myanmar,2025,December,242,294
Myanmar,2025,February,343,269
Myanmar,2025,January,346,293
Myanmar,2025,July,260,264
Myanmar,2025,June,283,222
Myanmar,2025,March,308,265
Myanmar,2025,May,290,324
Myanmar,2025,November,266,194
Myanmar,2025,October,368,310
Myanmar,2025,September,326,278
Myanmar,2026,April,261,194
Myanmar,2026,February,311,192
Myanmar,2026,January,291,225
Myanmar,2026,July,286,177
Myanmar,2026,June,281,267
Myanmar,2026,March,295,545
Myanmar,2026,May,323,213
Somalia,1997,April,1,2
Somalia,1997,August,3,5
Somalia,1997,December,1,1
Somalia,1997,February,1,1
Somalia,1997,January,0,0
Somalia,1997,July,2,0
Somalia,1997,June,5,6
Somalia,1997,March,0,0
Somalia,1997,May,0,0
Somalia,1997,November,3,0
Somalia,1997,October,0,0
Somalia,1997,September,0,0
Somalia,1998,April,1,0
Somalia,1998,August,0,0
Somalia,1998,December,1,0
Somalia,1998,February,0,0
Somalia,1998,January,1,0
Somalia,1998,July,0,0
Somalia,1998,June,1,0
Somalia,1998,March,1,3
Somalia,1998,May,1,0
Somalia,1998,November,1,1
Somalia,1998,October,2,0
Somalia,1998,September,3,0
Somalia,1999,April,3,0
Somalia,1999,August,1,0
Somalia,1999,December,1,0
Somalia,1999,February,0,0
Somalia,1999,January,5,5
Somalia,1999,July,1,0
Somalia,1999,June,5,17
Somalia,1999,March,4,14
Somalia,1999,May,0,0
Somalia,1999,November,1,0
Somalia,1999,October,4,4
Somalia,1999,September,4,6
Somalia,2000,April,3,0
Somalia,2000,August,6,0
Somalia,2000,December,0,0
Somalia,2000,February,4,0
Somalia,2000,January,11,5
Somalia,2000,July,10,13
Somalia,2000,June,1,6
Somalia,2000,March,5,1
Somalia,2000,May,2,1
Somalia,2000,November,1,0
Somalia,2000,October,2,5
Somalia,2000,September,2,0
Somalia,2001,April,1,0
Somalia,2001,August,2,0
Somalia,2001,December,0,0
Somalia,2001,February,2,0
Somalia,2001,January,2,3
Somalia,2001,July,1,6
Somalia,2001,June,3,0
Somalia,2001,March,3,12
Somalia,2001,May,2,0
Somalia,2001,November,2,18
Somalia,2001,October,5,1
Somalia,2001,September,3,0
Somalia,2002,April,3,3
Somalia,2002,August,2,0
Somalia,2002,December,5,19
Somalia,2002,February,2,4
Somalia,2002,January,0,0
Somalia,2002,July,3,4
Somalia,2002,June,1,1
Somalia,2002,March,5,6
Somalia,2002,May,8,11
Somalia,2002,November,4,4
Somalia,2002,October,0,0
Somalia,2002,September,3,13
Somalia,2003,April,3,2
Somalia,2003,August,28,36
Somalia,2003,December,9,22
Somalia,2003,February,26,49
Somalia,2003,January,4,9
Somalia,2003,July,31,67
Somalia,2003,June,19,39
Somalia,2003,March,17,88
Somalia,2003,May,15,25
Somalia,2003,November,10,6
Somalia,2003,October,24,41
Somalia,2003,September,16,14
Somalia,2004,April,16,20
Somalia,2004,August,1,0
Somalia,2004,December,3,0
Somalia,2004,February,27,55
Somalia,2004,January,24,30
Somalia,2004,July,24,32
Somalia,2004,June,46,49
Somalia,2004,March,20,25
Somalia,2004,May,17,32
Somalia,2004,November,0,0
Somalia,2004,October,1,0
Somalia,2004,September,0,0
Somalia,2005,April,13,3
Somalia,2005,August,17,0
Somalia,2005,December,11,0
Somalia,2005,February,22,4
Somalia,2005,January,17,7
Somalia,2005,July,14,4
Somalia,2005,June,11,3
Somalia,2005,March,14,5
Somalia,2005,May,18,16
Somalia,2005,November,12,8
Somalia,2005,October,13,5
Somalia,2005,September,18,5
Somalia,2006,April,8,1
Somalia,2006,August,10,4
Somalia,2006,December,12,3
Somalia,2006,February,11,0
Somalia,2006,January,8,3
Somalia,2006,July,10,6
Somalia,2006,June,13,5
Somalia,2006,March,17,0
Somalia,2006,May,4,0
Somalia,2006,November,10,8
Somalia,2006,October,12,8
Somalia,2006,September,14,15
Somalia,2007,April,17,20
Somalia,2007,August,45,27
Somalia,2007,December,26,27
Somalia,2007,February,48,63
Somalia,2007,January,17,19
Somalia,2007,July,47,53
Somalia,2007,June,47,49
Somalia,2007,March,36,43
Somalia,2007,May,52,34
Somalia,2007,November,34,46
Somalia,2007,October,49,36
Somalia,2007,September,50,35
Somalia,2008,April,29,39
Somalia,2008,August,40,120
Somalia,2008,December,29,33
Somalia,2008,February,27,59
Somalia,2008,January,33,29
Somalia,2008,July,40,42
Somalia,2008,June,52,35
Somalia,2008,March,21,10
Somalia,2008,May,35,48
Somalia,2008,November,45,24
Somalia,2008,October,33,41
Somalia,2008,September,34,26
Somalia,2009,April,31,55
Somalia,2009,August,13,10
Somalia,2009,December,9,35
Somalia,2009,February,16,11
Somalia,2009,January,19,41
Somalia,2009,July,8,7
Somalia,2009,June,16,44
Somalia,2009,March,17,12
Somalia,2009,May,15,36
Somalia,2009,November,6,19
Somalia,2009,October,21,70
Somalia,2009,September,8,3
Somalia,2010,April,9,8
Somalia,2010,August,28,102
Somalia,2010,December,16,26
Somalia,2010,February,26,40
Somalia,2010,January,37,71
Somalia,2010,July,21,74
Somalia,2010,June,18,17
Somalia,2010,March,16,39
Somalia,2010,May,30,141
Somalia,2010,November,31,78
Somalia,2010,October,33,57
Somalia,2010,September,15,79
Somalia,2011,April,34,41
Somalia,2011,August,57,72
Somalia,2011,December,31,31
Somalia,2011,February,6,28
Somalia,2011,January,2,1
Somalia,2011,July,33,40
Somalia,2011,June,36,55
Somalia,2011,March,23,19
Somalia,2011,May,11,14
Somalia,2011,November,38,39
Somalia,2011,October,37,206
Somalia,2011,September,14,15
Somalia,2012,April,30,47
Somalia,2012,August,94,79
Somalia,2012,December,69,56
Somalia,2012,February,31,34
Somalia,2012,January,36,44
Somalia,2012,July,69,80
Somalia,2012,June,38,37
Somalia,2012,March,36,31
Somalia,2012,May,65,79
Somalia,2012,November,40,38
Somalia,2012,October,39,48
Somalia,2012,September,31,68
Somalia,2013,April,69,81
Somalia,2013,August,105,87
Somalia,2013,December,68,42
Somalia,2013,February,50,48
Somalia,2013,January,42,50
Somalia,2013,July,91,79
Somalia,2013,June,52,42
Somalia,2013,March,80,86
Somalia,2013,May,48,49
Somalia,2013,November,77,70
Somalia,2013,October,73,43
Somalia,2013,September,80,94
Somalia,2014,April,64,66
Somalia,2014,August,50,50
Somalia,2014,December,63,102
Somalia,2014,February,73,74
Somalia,2014,January,68,54
Somalia,2014,July,85,84
Somalia,2014,June,57,65
Somalia,2014,March,74,83
Somalia,2014,May,67,102
Somalia,2014,November,54,42
Somalia,2014,October,51,83
Somalia,2014,September,40,34
Somalia,2015,April,46,58
Somalia,2015,August,54,87
Somalia,2015,December,54,60
Somalia,2015,February,60,73
Somalia,2015,January,57,45
Somalia,2015,July,48,92
Somalia,2015,June,34,34
Somalia,2015,March,52,42
Somalia,2015,May,53,56
Somalia,2015,November,41,59
Somalia,2015,October,36,19
Somalia,2015,September,42,44
Somalia,2016,April,73,90
Somalia,2016,August,57,84
Somalia,2016,December,73,122
Somalia,2016,February,47,79
Somalia,2016,January,52,56
Somalia,2016,July,50,71
Somalia,2016,June,83,139
Somalia,2016,March,50,50
Somalia,2016,May,61,57
Somalia,2016,November,65,52
Somalia,2016,October,77,73
Somalia,2016,September,55,59
Somalia,2017,April,84,117
Somalia,2017,August,81,119
Somalia,2017,December,43,72
Somalia,2017,February,65,92
Somalia,2017,January,92,177
Somalia,2017,July,69,80
Somalia,2017,June,65,82
Somalia,2017,March,94,117
Somalia,2017,May,74,121
Somalia,2017,November,48,45
Somalia,2017,October,104,705
Somalia,2017,September,95,122
Somalia,2018,April,53,44
Somalia,2018,August,55,86
Somalia,2018,December,74,60
Somalia,2018,February,58,83
Somalia,2018,January,57,43
Somalia,2018,July,79,62
Somalia,2018,June,67,74
Somalia,2018,March,44,47
Somalia,2018,May,55,56
Somalia,2018,November,72,55
Somalia,2018,October,71,79
Somalia,2018,September,66,60
Somalia,2019,April,56,52
Somalia,2019,August,49,53
Somalia,2019,December,52,67
Somalia,2019,February,84,105
Somalia,2019,January,59,71
Somalia,2019,July,66,187
Somalia,2019,June,61,71
Somalia,2019,March,55,118
Somalia,2019,May,73,74
Somalia,2019,November,57,57
Somalia,2019,October,49,60
Somalia,2019,September,69,88
Somalia,2020,April,51,59
Somalia,2020,August,37,60
Somalia,2020,December,39,40
Somalia,2020,February,60,85
Somalia,2020,January,42,45
Somalia,2020,July,43,36
Somalia,2020,June,58,54
Somalia,2020,March,49,57
Somalia,2020,May,73,76
Somalia,2020,November,60,73
Somalia,2020,October,43,43
Somalia,2020,September,41,68
Somalia,2021,April,39,56
Somalia,2021,August,33,56
Somalia,2021,December,45,47
Somalia,2021,February,49,53
Somalia,2021,January,41,46
Somalia,2021,July,38,55
Somalia,2021,June,44,99
Somalia,2021,March,35,70
Somalia,2021,May,35,36
Somalia,2021,November,34,39
Somalia,2021,October,30,46
Somalia,2021,September,50,46
Somalia,2022,April,34,36
Somalia,2022,August,70,85
Somalia,2022,December,54,54
Somalia,2022,February,47,86
Somalia,2022,January,37,40
Somalia,2022,July,37,65
Somalia,2022,June,53,47
Somalia,2022,March,37,83
Somalia,2022,May,41,43
Somalia,2022,November,50,64
Somalia,2022,October,44,193
Somalia,2022,September,54,120
Somalia,2023,April,43,58
Somalia,2023,August,45,54
Somalia,2023,December,34,32
Somalia,2023,February,70,74
Somalia,2023,January,69,116
Somalia,2023,July,42,61
Somalia,2023,June,55,120
Somalia,2023,March,69,88
Somalia,2023,May,41,48
Somalia,2023,November,35,50
Somalia,2023,October,51,42
Somalia,2023,September,51,53
Somalia,2024,April,45,53
Somalia,2024,August,38,39
Somalia,2024,December,44,31
Somalia,2024,February,36,48
Somalia,2024,January,49,80
Somalia,2024,July,27,39
Somalia,2024,June,44,39
Somalia,2024,March,32,32
Somalia,2024,May,39,29
Somalia,2024,November,41,32
Somalia,2024,October,43,54
Somalia,2024,September,41,36
Somalia,2025,April,44,38
Somalia,2025,August,72,37
Somalia,2025,December,70,35
Somalia,2025,February,40,31
Somalia,2025,January,42,35
Somalia,2025,July,78,37
Somalia,2025,June,72,57
Somalia,2025,March,48,60
Somalia,2025,May,60,55
Somalia,2025,November,71,39
Somalia,2025,October,83,49
Somalia,2025,September,88,61
Somalia,2026,April,84,41
Somalia,2026,February,91,61
Somalia,2026,January,81,50
Somalia,2026,July,49,19
Somalia,2026,June,67,60
Somalia,2026,March,87,67
Somalia,2026,May,69,34
South Sudan,2011,April,0,0
South Sudan,2011,August,8,1086
South Sudan,2011,December,7,234
South Sudan,2011,February,0,0
South Sudan,2011,January,0,0
South Sudan,2011,July,3,0
South Sudan,2011,June,0,0
South Sudan,2011,March,0,0
South Sudan,2011,May,1,0
South Sudan,2011,November,3,7
South Sudan,2011,October,3,35
South Sudan,2011,September,2,1
South Sudan,2012,April,9,23
South Sudan,2012,August,8,11
South Sudan,2012,December,16,154
South Sudan,2012,February,5,30
South Sudan,2012,January,18,3253
South Sudan,2012,July,7,4
South Sudan,2012,June,3,0
South Sudan,2012,March,5,0
South Sudan,2012,May,18,24
South Sudan,2012,November,9,24
South Sudan,2012,October,9,7
South Sudan,2012,September,5,2
South Sudan,2013,April,18,63
South Sudan,2013,August,13,21
South Sudan,2013,December,56,2056
South Sudan,2013,February,5,89
South Sudan,2013,January,9,21
South Sudan,2013,July,19,352
South Sudan,2013,June,17,30
South Sudan,2013,March,19,24
South Sudan,2013,May,27,148
South Sudan,2013,November,9,14
South Sudan,2013,October,12,79
South Sudan,2013,September,12,23
South Sudan,2014,April,17,494
South Sudan,2014,August,29,69
South Sudan,2014,December,18,53
South Sudan,2014,February,41,221
South Sudan,2014,January,57,575
South Sudan,2014,July,18,85
South Sudan,2014,June,15,13
South Sudan,2014,March,21,93
South Sudan,2014,May,24,104
South Sudan,2014,November,15,51
South Sudan,2014,October,12,84
South Sudan,2014,September,26,68
South Sudan,2015,April,22,55
South Sudan,2015,August,25,54
South Sudan,2015,December,33,96
South Sudan,2015,February,22,19
South Sudan,2015,January,22,52
South Sudan,2015,July,36,309
South Sudan,2015,June,25,35
South Sudan,2015,March,19,49
South Sudan,2015,May,34,177
South Sudan,2015,November,30,117
South Sudan,2015,October,33,189
South Sudan,2015,September,36,95
South Sudan,2016,April,14,13
South Sudan,2016,August,32,127
South Sudan,2016,December,45,94
South Sudan,2016,February,26,68
South Sudan,2016,January,36,97
South Sudan,2016,July,47,81
South Sudan,2016,June,16,29
South Sudan,2016,March,27,52
South Sudan,2016,May,28,50
South Sudan,2016,November,45,104
South Sudan,2016,October,62,166
South Sudan,2016,September,50,100
South Sudan,2017,April,69,391
South Sudan,2017,August,34,66
South Sudan,2017,December,20,74
South Sudan,2017,February,38,126
South Sudan,2017,January,41,136
South Sudan,2017,July,35,127
South Sudan,2017,June,25,38
South Sudan,2017,March,51,85
South Sudan,2017,May,40,171
South Sudan,2017,November,36,104
South Sudan,2017,October,21,66
South Sudan,2017,September,31,38
South Sudan,2018,April,23,35
South Sudan,2018,August,15,19
South Sudan,2018,December,42,36
South Sudan,2018,February,21,56
South Sudan,2018,January,19,41
South Sudan,2018,July,20,34
South Sudan,2018,June,33,76
South Sudan,2018,March,25,61
South Sudan,2018,May,32,52
South Sudan,2018,November,41,39
South Sudan,2018,October,40,69
South Sudan,2018,September,19,40
South Sudan,2019,April,25,53
South Sudan,2019,August,29,79
South Sudan,2019,December,20,22
South Sudan,2019,February,34,48
South Sudan,2019,January,48,530
South Sudan,2019,July,19,26
South Sudan,2019,June,18,28
South Sudan,2019,March,37,93
South Sudan,2019,May,24,43
South Sudan,2019,November,25,18
South Sudan,2019,October,11,9
South Sudan,2019,September,22,14
South Sudan,2020,April,42,71
South Sudan,2020,August,25,31
South Sudan,2020,December,69,72
South Sudan,2020,February,34,37
South Sudan,2020,January,25,21
South Sudan,2020,July,49,165
South Sudan,2020,June,29,79
South Sudan,2020,March,39,32
South Sudan,2020,May,43,58
South Sudan,2020,November,40,70
South Sudan,2020,October,22,24
South Sudan,2020,September,23,45
South Sudan,2021,April,70,171
South Sudan,2021,August,72,97
South Sudan,2021,December,97,170
South Sudan,2021,February,113,179
South Sudan,2021,January,92,104
South Sudan,2021,July,79,239
South Sudan,2021,June,75,100
South Sudan,2021,March,130,217
South Sudan,2021,May,117,282
South Sudan,2021,November,65,95
South Sudan,2021,October,59,59
South Sudan,2021,September,53,54
South Sudan,2022,April,107,341
South Sudan,2022,August,62,61
South Sudan,2022,December,114,198
South Sudan,2022,February,80,77
South Sudan,2022,January,63,60
South Sudan,2022,July,55,126
South Sudan,2022,June,65,148
South Sudan,2022,March,94,132
South Sudan,2022,May,76,121
South Sudan,2022,November,106,325
South Sudan,2022,October,92,106
South Sudan,2022,September,59,65
South Sudan,2023,April,87,150
South Sudan,2023,August,92,114
South Sudan,2023,December,51,54
South Sudan,2023,February,92,176
South Sudan,2023,January,121,303
South Sudan,2023,July,64,109
South Sudan,2023,June,60,92
South Sudan,2023,March,80,167
South Sudan,2023,May,76,97
South Sudan,2023,November,67,70
South Sudan,2023,October,71,70
South Sudan,2023,September,58,83
South Sudan,2024,April,60,121
South Sudan,2024,August,59,86
South Sudan,2024,December,73,73
South Sudan,2024,February,69,103
South Sudan,2024,January,57,111
South Sudan,2024,July,65,86
South Sudan,2024,June,72,85
South Sudan,2024,March,55,110
South Sudan,2024,May,55,73
South Sudan,2024,November,58,34
South Sudan,2024,October,39,101
South Sudan,2024,September,41,54
South Sudan,2025,April,59,85
South Sudan,2025,August,85,84
South Sudan,2025,December,59,104
South Sudan,2025,February,57,87
South Sudan,2025,January,73,93
South Sudan,2025,July,94,98
South Sudan,2025,June,99,79
South Sudan,2025,March,79,93
South Sudan,2025,May,87,105
South Sudan,2025,November,48,135
South Sudan,2025,October,51,33
South Sudan,2025,September,61,55
South Sudan,2026,April,36,73
South Sudan,2026,February,44,119
South Sudan,2026,January,46,58
South Sudan,2026,July,39,99
South Sudan,2026,June,47,95
South Sudan,2026,March,56,114
South Sudan,2026,May,39,70
Sudan,1997,April,4,0
Sudan,1997,August,2,4
Sudan,1997,December,1,0
Sudan,1997,February,0,0
Sudan,1997,January,7,307
Sudan,1997,July,3,6
Sudan,1997,June,2,144
Sudan,1997,March,2,0
Sudan,1997,May,1,3
Sudan,1997,November,4,5
Sudan,1997,October,1,23
Sudan,1997,September,1,1
Sudan,1998,April,4,75
Sudan,1998,August,2,2
Sudan,1998,December,4,6
Sudan,1998,February,1,21
Sudan,1998,January,1,10
Sudan,1998,July,0,0
Sudan,1998,June,4,5
Sudan,1998,March,2,23
Sudan,1998,May,9,277
Sudan,1998,November,1,2
Sudan,1998,October,0,0
Sudan,1998,September,5,6
Sudan,1999,April,5,0
Sudan,1999,August,1,0
Sudan,1999,December,0,0
Sudan,1999,February,7,48
Sudan,1999,January,2,6
Sudan,1999,July,4,10
Sudan,1999,June,3,15
Sudan,1999,March,1,3
Sudan,1999,May,9,37
Sudan,1999,November,2,1
Sudan,1999,October,1,0
Sudan,1999,September,3,5
Sudan,2000,April,4,2
Sudan,2000,August,12,20
Sudan,2000,December,5,27
Sudan,2000,February,4,17
Sudan,2000,January,2,8
Sudan,2000,July,9,12
Sudan,2000,June,3,8
Sudan,2000,March,17,29
Sudan,2000,May,4,0
Sudan,2000,November,10,47
Sudan,2000,October,10,1
Sudan,2000,September,3,1
Sudan,2001,April,6,1
Sudan,2001,August,2,0
Sudan,2001,December,1,0
Sudan,2001,February,1,7
Sudan,2001,January,4,21
Sudan,2001,July,7,6
Sudan,2001,June,7,6
Sudan,2001,March,0,0
Sudan,2001,May,5,6
Sudan,2001,November,7,5
Sudan,2001,October,4,21
Sudan,2001,September,3,8
Sudan,2002,April,30,578
Sudan,2002,August,7,11
Sudan,2002,December,6,83
Sudan,2002,February,3,3
Sudan,2002,January,3,0
Sudan,2002,July,3,20
Sudan,2002,June,7,67
Sudan,2002,March,1,0
Sudan,2002,May,14,653
Sudan,2002,November,3,8
Sudan,2002,October,4,18
Sudan,2002,September,10,65
Sudan,2003,April,1,55
Sudan,2003,August,15,1355
Sudan,2003,December,16,541
Sudan,2003,February,0,0
Sudan,2003,January,1,2
Sudan,2003,July,22,676
Sudan,2003,June,2,0
Sudan,2003,March,3,4
Sudan,2003,May,7,15
Sudan,2003,November,26,477
Sudan,2003,October,12,323
Sudan,2003,September,6,172
Sudan,2004,April,20,262
Sudan,2004,August,31,238
Sudan,2004,December,25,79
Sudan,2004,February,34,573
Sudan,2004,January,36,2256
Sudan,2004,July,44,695
Sudan,2004,June,26,594
Sudan,2004,March,32,446
Sudan,2004,May,25,579
Sudan,2004,November,36,280
Sudan,2004,October,34,87
Sudan,2004,September,22,332
Sudan,2005,April,13,48
Sudan,2005,August,9,59
Sudan,2005,December,14,59
Sudan,2005,February,16,53
Sudan,2005,January,29,343
Sudan,2005,July,14,26
Sudan,2005,June,8,1
Sudan,2005,March,21,14
Sudan,2005,May,17,43
Sudan,2005,November,16,54
Sudan,2005,October,9,39
Sudan,2005,September,29,164
Sudan,2006,April,3,20
Sudan,2006,August,9,12
Sudan,2006,December,14,151
Sudan,2006,February,5,18
Sudan,2006,January,4,8
Sudan,2006,July,11,91
Sudan,2006,June,8,20
Sudan,2006,March,4,31
Sudan,2006,May,5,122
Sudan,2006,November,27,238
Sudan,2006,October,14,216
Sudan,2006,September,7,1
Sudan,2007,April,9,140
Sudan,2007,August,4,212
Sudan,2007,December,3,29
Sudan,2007,February,5,19
Sudan,2007,January,8,36
Sudan,2007,July,2,400
Sudan,2007,June,1,1
Sudan,2007,March,5,121
Sudan,2007,May,6,63
Sudan,2007,November,3,5
Sudan,2007,October,12,114
Sudan,2007,September,5,1
Sudan,2008,April,17,20
Sudan,2008,August,11,245
Sudan,2008,December,5,202
Sudan,2008,February,18,233
Sudan,2008,January,9,6
Sudan,2008,July,9,74
Sudan,2008,June,14,22
Sudan,2008,March,9,6
Sudan,2008,May,14,54
Sudan,2008,November,3,10
Sudan,2008,October,5,23
Sudan,2008,September,7,16
Sudan,2009,April,7,21
Sudan,2009,August,15,60
Sudan,2009,December,7,13
Sudan,2009,February,9,8
Sudan,2009,January,21,159
Sudan,2009,July,12,6
Sudan,2009,June,5,4
Sudan,2009,March,17,40
Sudan,2009,May,15,10
Sudan,2009,November,9,35
Sudan,2009,October,19,53
Sudan,2009,September,9,5
Sudan,2010,April,10,14
Sudan,2010,August,5,15
Sudan,2010,December,8,13
Sudan,2010,February,3,0
Sudan,2010,January,1,0
Sudan,2010,July,11,33
Sudan,2010,June,16,30
Sudan,2010,March,8,10
Sudan,2010,May,17,27
Sudan,2010,November,4,4
Sudan,2010,October,6,12
Sudan,2010,September,11,117
Sudan,2011,April,10,126
Sudan,2011,August,2,6
Sudan,2011,December,3,0
Sudan,2011,February,14,115
Sudan,2011,January,13,124
Sudan,2011,July,1,3
Sudan,2011,June,14,603
Sudan,2011,March,13,113
Sudan,2011,May,15,204
Sudan,2011,November,2,11
Sudan,2011,October,2,0
Sudan,2011,September,9,36
Sudan,2012,April,5,9
Sudan,2012,August,39,24
Sudan,2012,December,63,41
Sudan,2012,February,4,0
Sudan,2012,January,5,3
Sudan,2012,July,39,42
Sudan,2012,June,20,4
Sudan,2012,March,5,3
Sudan,2012,May,15,6
Sudan,2012,November,69,76
Sudan,2012,October,55,19
Sudan,2012,September,39,144
Sudan,2013,April,39,82
Sudan,2013,August,34,47
Sudan,2013,December,40,85
Sudan,2013,February,20,71
Sudan,2013,January,46,46
Sudan,2013,July,26,38
Sudan,2013,June,32,45
Sudan,2013,March,39,22
Sudan,2013,May,49,187
Sudan,2013,November,47,86
Sudan,2013,October,70,62
Sudan,2013,September,52,167
Sudan,2014,April,54,63
Sudan,2014,August,58,58
Sudan,2014,December,76,55
Sudan,2014,February,55,140
Sudan,2014,January,59,57
Sudan,2014,July,69,66
Sudan,2014,June,82,74
Sudan,2014,March,91,304
Sudan,2014,May,77,45
Sudan,2014,November,44,49
Sudan,2014,October,53,43
Sudan,2014,September,46,31
Sudan,2015,April,86,147
Sudan,2015,August,45,36
Sudan,2015,December,63,59
Sudan,2015,February,69,121
Sudan,2015,January,117,137
Sudan,2015,July,70,103
Sudan,2015,June,54,93
Sudan,2015,March,57,134
Sudan,2015,May,92,67
Sudan,2015,November,55,53
Sudan,2015,October,53,33
Sudan,2015,September,38,27
Sudan,2016,April,64,131
Sudan,2016,August,67,67
Sudan,2016,December,54,37
Sudan,2016,February,59,88
Sudan,2016,January,68,232
Sudan,2016,July,43,36
Sudan,2016,June,72,65
Sudan,2016,March,33,52
Sudan,2016,May,55,53
Sudan,2016,November,57,35
Sudan,2016,October,62,34
Sudan,2016,September,81,65
Sudan,2017,April,34,56
Sudan,2017,August,31,18
Sudan,2017,December,25,9
Sudan,2017,February,38,29
Sudan,2017,January,47,35
Sudan,2017,July,30,36
Sudan,2017,June,43,39
Sudan,2017,March,33,45
Sudan,2017,May,36,57
Sudan,2017,November,28,16
Sudan,2017,October,47,39
Sudan,2017,September,27,29
Sudan,2018,April,28,35
Sudan,2018,August,15,17
Sudan,2018,December,28,43
Sudan,2018,February,20,27
Sudan,2018,January,21,9
Sudan,2018,July,35,22
Sudan,2018,June,36,31
Sudan,2018,March,22,23
Sudan,2018,May,23,16
Sudan,2018,November,30,17
Sudan,2018,October,41,74
Sudan,2018,September,31,11
Sudan,2019,April,21,19
Sudan,2019,August,21,17
Sudan,2019,December,38,63
Sudan,2019,February,20,9
Sudan,2019,January,35,20
Sudan,2019,July,35,29
Sudan,2019,June,32,162
Sudan,2019,March,31,26
Sudan,2019,May,24,14
Sudan,2019,November,41,29
Sudan,2019,October,35,10
Sudan,2019,September,14,21
Sudan,2020,April,23,30
Sudan,2020,August,18,10
Sudan,2020,December,29,27
Sudan,2020,February,18,8
Sudan,2020,January,24,68
Sudan,2020,July,34,62
Sudan,2020,June,29,38
Sudan,2020,March,18,27
Sudan,2020,May,30,43
Sudan,2020,November,15,13
Sudan,2020,October,19,31
Sudan,2020,September,18,20
Sudan,2021,April,24,26
Sudan,2021,August,39,42
Sudan,2021,December,58,83
Sudan,2021,February,30,29
Sudan,2021,January,49,117
Sudan,2021,July,42,53
Sudan,2021,June,36,28
Sudan,2021,March,33,30
Sudan,2021,May,28,41
Sudan,2021,November,47,66
Sudan,2021,October,42,59
Sudan,2021,September,32,20
Sudan,2022,April,35,96
Sudan,2022,August,39,44
Sudan,2022,December,57,45
Sudan,2022,February,51,46
Sudan,2022,January,68,50
Sudan,2022,July,63,25
Sudan,2022,June,68,75
Sudan,2022,March,63,78
Sudan,2022,May,68,52
Sudan,2022,November,66,40
Sudan,2022,October,51,62
Sudan,2022,September,41,28
Sudan,2023,April,100,186
Sudan,2023,August,139,260
Sudan,2023,December,153,426
Sudan,2023,February,70,44
Sudan,2023,January,66,53
Sudan,2023,July,153,300
Sudan,2023,June,149,681
Sudan,2023,March,40,56
Sudan,2023,May,148,364
Sudan,2023,November,135,761
Sudan,2023,October,160,377
Sudan,2023,September,165,410
Sudan,2024,April,204,360
Sudan,2024,August,210,414
Sudan,2024,December,240,826
Sudan,2024,February,201,486
Sudan,2024,January,131,312
Sudan,2024,July,127,286
Sudan,2024,June,141,457
Sudan,2024,March,155,320
Sudan,2024,May,183,340
Sudan,2024,November,277,909
Sudan,2024,October,345,1278
Sudan,2024,September,191,436
Sudan,2025,April,130,721
Sudan,2025,August,109,300
Sudan,2025,December,104,497
Sudan,2025,February,228,805
Sudan,2025,January,274,752
Sudan,2025,July,93,233
Sudan,2025,June,132,308
Sudan,2025,March,199,573
Sudan,2025,May,142,480
Sudan,2025,November,77,121
Sudan,2025,October,105,2287
Sudan,2025,September,65,142
Sudan,2026,April,85,152
Sudan,2026,February,84,205
Sudan,2026,January,117,436
Sudan,2026,July,114,171
Sudan,2026,June,77,218
Sudan,2026,March,101,447
Sudan,2026,May,91,278
Venezuela,2018,April,94,117
Venezuela,2018,August,63,107
Venezuela,2018,December,59,58
Venezuela,2018,February,133,167
Venezuela,2018,January,87,85
Venezuela,2018,July,69,88
Venezuela,2018,June,79,121
Venezuela,2018,March,85,116
Venezuela,2018,May,89,111
Venezuela,2018,November,92,116
Venezuela,2018,October,67,105
Venezuela,2018,September,57,79
Venezuela,2019,April,131,171
Venezuela,2019,August,105,123
Venezuela,2019,December,102,127
Venezuela,2019,February,106,149
Venezuela,2019,January,120,165
Venezuela,2019,July,92,136
Venezuela,2019,June,126,130
Venezuela,2019,March,101,102
Venezuela,2019,May,122,148
Venezuela,2019,November,85,104
Venezuela,2019,October,134,138
Venezuela,2019,September,92,91
Venezuela,2020,April,69,68
Venezuela,2020,August,38,39
Venezuela,2020,December,68,50
Venezuela,2020,February,102,108
Venezuela,2020,January,114,151
Venezuela,2020,July,38,38
Venezuela,2020,June,76,89
Venezuela,2020,March,85,105
Venezuela,2020,May,99,112
Venezuela,2020,November,51,49
Venezuela,2020,October,39,36
Venezuela,2020,September,34,26
Venezuela,2021,April,36,44
Venezuela,2021,August,43,42
Venezuela,2021,December,44,53
Venezuela,2021,February,43,41
Venezuela,2021,January,67,74
Venezuela,2021,July,67,69
Venezuela,2021,June,54,51
Venezuela,2021,March,57,51
Venezuela,2021,May,49,55
Venezuela,2021,November,35,33
Venezuela,2021,October,36,35
Venezuela,2021,September,57,52
Venezuela,2022,April,24,17
Venezuela,2022,August,19,23
Venezuela,2022,December,30,24
Venezuela,2022,February,25,32
Venezuela,2022,January,45,38
Venezuela,2022,July,40,41
Venezuela,2022,June,17,19
Venezuela,2022,March,45,36
Venezuela,2022,May,26,23
Venezuela,2022,November,24,20
Venezuela,2022,October,28,25
Venezuela,2022,September,28,20
Venezuela,2023,April,21,12
Venezuela,2023,August,31,28
Venezuela,2023,December,21,27
Venezuela,2023,February,25,27
Venezuela,2023,January,29,27
Venezuela,2023,July,26,24
Venezuela,2023,June,23,17
Venezuela,2023,March,24,23
Venezuela,2023,May,23,21
Venezuela,2023,November,15,17
Venezuela,2023,October,20,17
Venezuela,2023,September,20,14
Venezuela,2024,April,15,15
Venezuela,2024,August,19,17
Venezuela,2024,December,18,10
Venezuela,2024,February,23,20
Venezuela,2024,January,22,20
Venezuela,2024,July,36,22
Venezuela,2024,June,12,15
Venezuela,2024,March,14,12
Venezuela,2024,May,12,9
Venezuela,2024,November,13,10
Venezuela,2024,October,10,7
Venezuela,2024,September,15,18
Venezuela,2025,April,6,5
Venezuela,2025,August,12,7
Venezuela,2025,December,6,4
Venezuela,2025,February,6,6
Venezuela,2025,January,20,14
Venezuela,2025,July,12,10
Venezuela,2025,June,14,13
Venezuela,2025,March,6,8
Venezuela,2025,May,14,9
Venezuela,2025,November,19,10
Venezuela,2025,October,18,11
Venezuela,2025,September,4,1
Venezuela,2026,April,11,3
Venezuela,2026,February,14,11
Venezuela,2026,January,13,11
Venezuela,2026,July,13,9
Venezuela,2026,June,6,6
Venezuela,2026,March,19,9
Venezuela,2026,May,16,35
Bolivia,2018,January,0,0
Bolivia,2018,February,0,0
Bolivia,2018,March,1,0
Bolivia,2018,April,2,9
Bolivia,2018,May,1,1
Bolivia,2018,June,1,1
Bolivia,2018,July,0,0
Bolivia,2018,August,0,0
Bolivia,2018,September,0,0
Bolivia,2018,October,0,0
Bolivia,2018,November,3,3
Bolivia,2018,December,1,0
Bolivia,2019,January,0,0
Bolivia,2019,February,1,0
Bolivia,2019,March,0,0
Bolivia,2019,April,1,0
Bolivia,2019,May,1,1
Bolivia,2019,June,0,0
Bolivia,2019,July,0,0
Bolivia,2019,August,1,0
Bolivia,2019,September,5,3
Bolivia,2019,October,1,0
Bolivia,2019,November,7,3
Bolivia,2019,December,2,1
Bolivia,2020,January,1,0
Bolivia,2020,February,0,0
Bolivia,2020,March,0,0
Bolivia,2020,April,1,0
Bolivia,2020,May,3,0
Bolivia,2020,June,2,0
Bolivia,2020,July,1,0
Bolivia,2020,August,3,1
Bolivia,2020,September,9,0
Bolivia,2020,October,3,0
Bolivia,2020,November,2,0
Bolivia,2020,December,2,0
Bolivia,2021,January,1,0
Bolivia,2021,February,2,0
Bolivia,2021,March,3,1
Bolivia,2021,April,2,0
Bolivia,2021,May,1,0
Bolivia,2021,June,0,0
Bolivia,2021,July,3,0
Bolivia,2021,August,3,3
Bolivia,2021,September,4,0
Bolivia,2021,October,3,0
Bolivia,2021,November,2,2
Bolivia,2021,December,0,0
Bolivia,2022,January,1,0
Bolivia,2022,February,0,0
Bolivia,2022,March,1,0
Bolivia,2022,April,5,2
Bolivia,2022,May,2,0
Bolivia,2022,June,6,3
Bolivia,2022,July,2,0
Bolivia,2022,August,1,0
Bolivia,2022,September,2,1
Bolivia,2022,October,4,0
Bolivia,2022,November,0,0
Bolivia,2022,December,4,0
Bolivia,2023,January,3,0
Bolivia,2023,February,1,0
Bolivia,2023,March,3,0
Bolivia,2023,April,2,0
Bolivia,2023,May,1,0
Bolivia,2023,June,4,0
Bolivia,2023,July,1,0
Bolivia,2023,August,1,0
Bolivia,2023,September,11,1
Bolivia,2023,October,2,1
Bolivia,2023,November,3,2
Bolivia,2023,December,8,4
Bolivia,2024,January,3,2
Bolivia,2024,February,1,0
Bolivia,2024,March,1,0
Bolivia,2024,April,1,0
Bolivia,2024,May,10,6
Bolivia,2024,June,1,0
Bolivia,2024,July,4,2
Bolivia,2024,August,6,1
Bolivia,2024,September,6,1
Bolivia,2024,October,2,0
Bolivia,2024,November,5,0
Bolivia,2024,December,3,0
Bolivia,2025,January,3,0
Bolivia,2025,February,4,2
Bolivia,2025,March,4,1
Bolivia,2025,April,5,6
Bolivia,2025,May,2,2
Bolivia,2025,June,7,5
Bolivia,2025,July,9,3
Bolivia,2025,August,8,1
Bolivia,2025,September,9,2
Bolivia,2025,October,6,1
Bolivia,2025,November,5,2
Bolivia,2025,December,3,0
Bolivia,2026,January,4,2
Bolivia,2026,February,10,1
Bolivia,2026,March,4,0
Bolivia,2026,April,3,2
Bolivia,2026,May,3,5
Bolivia,2026,June,1,1
Bolivia,2026,July,4,5
Ecuador,2018,January,1,0
Ecuador,2018,February,0,0
Ecuador,2018,March,2,4
Ecuador,2018,April,1,0
Ecuador,2018,May,1,0
Ecuador,2018,June,0,0
Ecuador,2018,July,0,0
Ecuador,2018,August,0,0
Ecuador,2018,September,0,0
Ecuador,2018,October,1,3
Ecuador,2018,November,1,0
Ecuador,2018,December,0,0
Ecuador,2019,January,0,0
Ecuador,2019,February,1,1
Ecuador,2019,March,0,0
Ecuador,2019,April,1,0
Ecuador,2019,May,1,1
Ecuador,2019,June,3,1
Ecuador,2019,July,3,1
Ecuador,2019,August,2,0
Ecuador,2019,September,2,1
Ecuador,2019,October,0,0
Ecuador,2019,November,0,0
Ecuador,2019,December,0,0
Ecuador,2020,January,2,0
Ecuador,2020,February,1,1
Ecuador,2020,March,1,0
Ecuador,2020,April,0,0
Ecuador,2020,May,0,0
Ecuador,2020,June,2,0
Ecuador,2020,July,3,0
Ecuador,2020,August,1,0
Ecuador,2020,September,0,0
Ecuador,2020,October,4,1
Ecuador,2020,November,2,0
Ecuador,2020,December,4,2
Ecuador,2021,January,3,1
Ecuador,2021,February,1,0
Ecuador,2021,March,1,1
Ecuador,2021,April,1,0
Ecuador,2021,May,1,0
Ecuador,2021,June,4,1
Ecuador,2021,July,0,0
Ecuador,2021,August,3,0
Ecuador,2021,September,3,0
Ecuador,2021,October,2,0
Ecuador,2021,November,0,0
Ecuador,2021,December,0,0
Ecuador,2022,January,57,59
Ecuador,2022,February,71,87
Ecuador,2022,March,110,125
Ecuador,2022,April,80,88
Ecuador,2022,May,97,98
Ecuador,2022,June,78,88
Ecuador,2022,July,87,89
Ecuador,2022,August,69,79
Ecuador,2022,September,157,174
Ecuador,2022,October,98,91
Ecuador,2022,November,53,50
Ecuador,2022,December,93,92
Ecuador,2023,January,136,155
Ecuador,2023,February,170,176
Ecuador,2023,March,105,107
Ecuador,2023,April,187,201
Ecuador,2023,May,180,202
Ecuador,2023,June,156,178
Ecuador,2023,July,140,173
Ecuador,2023,August,160,177
Ecuador,2023,September,234,239
Ecuador,2023,October,144,165
Ecuador,2023,November,169,189
Ecuador,2023,December,166,201
Ecuador,2024,January,118,102
Ecuador,2024,February,112,99
Ecuador,2024,March,135,154
Ecuador,2024,April,122,145
Ecuador,2024,May,195,223
Ecuador,2024,June,183,218
Ecuador,2024,July,184,211
Ecuador,2024,August,190,229
Ecuador,2024,September,187,222
Ecuador,2024,October,182,232
Ecuador,2024,November,176,222
Ecuador,2024,December,173,206
Ecuador,2025,January,254,318
Ecuador,2025,February,186,229
Ecuador,2025,March,251,264
Ecuador,2025,April,198,217
Ecuador,2025,May,240,282
Ecuador,2025,June,188,198
Ecuador,2025,July,193,271
Ecuador,2025,August,227,298
Ecuador,2025,September,204,275
Ecuador,2025,October,215,267
Ecuador,2025,November,223,276
Ecuador,2025,December,227,273
Ecuador,2026,January,206,286
Ecuador,2026,February,209,257
Ecuador,2026,March,209,256
Ecuador,2026,April,221,284
Ecuador,2026,May,218,268
Ecuador,2026,June,238,301
Ecuador,2026,July,234,264
Eritrea,1997,January,0,0
Eritrea,1997,February,0,0
Eritrea,1997,March,0,0
Eritrea,1997,April,0,0
Eritrea,1997,May,0,0
Eritrea,1997,June,0,0
Eritrea,1997,July,0,0
Eritrea,1997,August,0,0
Eritrea,1997,September,0,0
Eritrea,1997,October,0,0
Eritrea,1997,November,0,0
Eritrea,1997,December,0,0
Eritrea,1998,January,0,0
Eritrea,1998,February,0,0
Eritrea,1998,March,0,0
Eritrea,1998,April,0,0
Eritrea,1998,May,5,6
Eritrea,1998,June,7,32
Eritrea,1998,July,3,60
Eritrea,1998,August,0,0
Eritrea,1998,September,0,0
Eritrea,1998,October,0,0
Eritrea,1998,November,1,0
Eritrea,1998,December,0,0
Eritrea,1999,January,0,0
Eritrea,1999,February,7,1851
Eritrea,1999,March,7,3
Eritrea,1999,April,7,2769
Eritrea,1999,May,2,2
Eritrea,1999,June,3,26
Eritrea,1999,July,0,0
Eritrea,1999,August,0,0
Eritrea,1999,September,0,0
Eritrea,1999,October,0,0
Eritrea,1999,November,0,0
Eritrea,1999,December,0,0
Eritrea,2000,January,2,6
Eritrea,2000,February,0,0
Eritrea,2000,March,0,0
Eritrea,2000,April,0,0
Eritrea,2000,May,3,13
Eritrea,2000,June,3,0
Eritrea,2000,July,0,0
Eritrea,2000,August,0,0
Eritrea,2000,September,0,0
Eritrea,2000,October,0,0
Eritrea,2000,November,0,0
Eritrea,2000,December,0,0
Eritrea,2001,January,0,0
Eritrea,2001,February,0,0
Eritrea,2001,March,0,0
Eritrea,2001,April,0,0
Eritrea,2001,May,1,1
Eritrea,2001,June,0,0
Eritrea,2001,July,0,0
Eritrea,2001,August,0,0
Eritrea,2001,September,0,0
Eritrea,2001,October,0,0
Eritrea,2001,November,0,0
Eritrea,2001,December,0,0
Eritrea,2002,January,0,0
Eritrea,2002,February,0,0
Eritrea,2002,March,0,0
Eritrea,2002,April,0,0
Eritrea,2002,May,0,0
Eritrea,2002,June,0,0
Eritrea,2002,July,0,0
Eritrea,2002,August,0,0
Eritrea,2002,September,0,0
Eritrea,2002,October,0,0
Eritrea,2002,November,0,0
Eritrea,2002,December,1,1
Eritrea,2003,January,0,0
Eritrea,2003,February,1,16
Eritrea,2003,March,1,1
Eritrea,2003,April,1,1
Eritrea,2003,May,0,0
Eritrea,2003,June,0,0
Eritrea,2003,July,1,1
Eritrea,2003,August,2,4
Eritrea,2003,September,0,0
Eritrea,2003,October,0,0
Eritrea,2003,November,0,0
Eritrea,2003,December,1,1
Eritrea,2004,January,1,28
Eritrea,2004,February,1,3
Eritrea,2004,March,0,0
Eritrea,2004,April,0,0
Eritrea,2004,May,2,0
Eritrea,2004,June,0,0
Eritrea,2004,July,0,0
Eritrea,2004,August,0,0
Eritrea,2004,September,0,0
Eritrea,2004,October,0,0
Eritrea,2004,November,1,25
Eritrea,2004,December,0,0
Eritrea,2005,January,0,0
Eritrea,2005,February,0,0
Eritrea,2005,March,0,0
Eritrea,2005,April,0,0
Eritrea,2005,May,0,0
Eritrea,2005,June,0,0
Eritrea,2005,July,1,161
Eritrea,2005,August,0,0
Eritrea,2005,September,0,0
Eritrea,2005,October,0,0
Eritrea,2005,November,0,0
Eritrea,2005,December,0,0
Eritrea,2006,January,0,0
Eritrea,2006,February,0,0
Eritrea,2006,March,0,0
Eritrea,2006,April,0,0
Eritrea,2006,May,0,0
Eritrea,2006,June,0,0
Eritrea,2006,July,0,0
Eritrea,2006,August,0,0
Eritrea,2006,September,0,0
Eritrea,2006,October,1,1
Eritrea,2006,November,1,0
Eritrea,2006,December,1,1
Eritrea,2007,January,1,1
Eritrea,2007,February,0,0
Eritrea,2007,March,1,0
Eritrea,2007,April,0,0
Eritrea,2007,May,0,0
Eritrea,2007,June,0,0
Eritrea,2007,July,0,0
Eritrea,2007,August,0,0
Eritrea,2007,September,0,0
Eritrea,2007,October,0,0
Eritrea,2007,November,0,0
Eritrea,2007,December,0,0
Eritrea,2008,January,1,0
Eritrea,2008,February,0,0
Eritrea,2008,March,0,0
Eritrea,2008,April,1,0
Eritrea,2008,May,0,0
Eritrea,2008,June,0,0
Eritrea,2008,July,0,0
Eritrea,2008,August,0,0
Eritrea,2008,September,0,0
Eritrea,2008,October,1,166
Eritrea,2008,November,1,8
Eritrea,2008,December,1,1
Eritrea,2009,January,1,1
Eritrea,2009,February,1,2
Eritrea,2009,March,0,0
Eritrea,2009,April,3,0
Eritrea,2009,May,1,3
Eritrea,2009,June,0,0
Eritrea,2009,July,0,0
Eritrea,2009,August,0,0
Eritrea,2009,September,0,0
Eritrea,2009,October,1,3
Eritrea,2009,November,0,0
Eritrea,2009,December,0,0
Eritrea,2010,January,0,0
Eritrea,2010,February,0,0
Eritrea,2010,March,0,0
Eritrea,2010,April,0,0
Eritrea,2010,May,0,0
Eritrea,2010,June,0,0
Eritrea,2010,July,0,0
Eritrea,2010,August,0,0
Eritrea,2010,September,0,0
Eritrea,2010,October,0,0
Eritrea,2010,November,0,0
Eritrea,2010,December,0,0
Eritrea,2011,January,0,0
Eritrea,2011,February,0,0
Eritrea,2011,March,0,0
Eritrea,2011,April,0,0
Eritrea,2011,May,0,0
Eritrea,2011,June,0,0
Eritrea,2011,July,0,0
Eritrea,2011,August,0,0
Eritrea,2011,September,0,0
Eritrea,2011,October,0,0
Eritrea,2011,November,0,0
Eritrea,2011,December,0,0
Eritrea,2012,January,1,0
Eritrea,2012,February,0,0
Eritrea,2012,March,0,0
Eritrea,2012,April,0,0
Eritrea,2012,May,0,0
Eritrea,2012,June,0,0
Eritrea,2012,July,0,0
Eritrea,2012,August,0,0
Eritrea,2012,September,0,0
Eritrea,2012,October,0,0
Eritrea,2012,November,0,0
Eritrea,2012,December,0,0
Eritrea,2013,January,0,0
Eritrea,2013,February,0,0
Eritrea,2013,March,1,0
Eritrea,2013,April,0,0
Eritrea,2013,May,0,0
Eritrea,2013,June,1,38
Eritrea,2013,July,0,0
Eritrea,2013,August,0,0
Eritrea,2013,September,0,0
Eritrea,2013,October,0,0
Eritrea,2013,November,0,0
Eritrea,2013,December,0,0
Eritrea,2014,January,0,0
Eritrea,2014,February,0,0
Eritrea,2014,March,0,0
Eritrea,2014,April,0,0
Eritrea,2014,May,0,0
Eritrea,2014,June,0,0
Eritrea,2014,July,0,0
Eritrea,2014,August,1,10
Eritrea,2014,September,0,0
Eritrea,2014,October,0,0
Eritrea,2014,November,0,0
Eritrea,2014,December,0,0
Eritrea,2015,January,0,0
Eritrea,2015,February,0,0
Eritrea,2015,March,0,0
Eritrea,2015,April,0,0
Eritrea,2015,May,0,0
Eritrea,2015,June,0,0
Eritrea,2015,July,0,0
Eritrea,2015,August,0,0
Eritrea,2015,September,0,0
Eritrea,2015,October,0,0
Eritrea,2015,November,0,0
Eritrea,2015,December,0,0
Eritrea,2016,January,0,0
Eritrea,2016,February,0,0
Eritrea,2016,March,0,0
Eritrea,2016,April,0,0
Eritrea,2016,May,0,0
Eritrea,2016,June,0,0
Eritrea,2016,July,0,0
Eritrea,2016,August,0,0
Eritrea,2016,September,0,0
Eritrea,2016,October,1,1
Eritrea,2016,November,1,1
Eritrea,2016,December,0,0
Eritrea,2017,January,0,0
Eritrea,2017,February,0,0
Eritrea,2017,March,0,0
Eritrea,2017,April,0,0
Eritrea,2017,May,1,1
Eritrea,2017,June,0,0
Eritrea,2017,July,0,0
Eritrea,2017,August,0,0
Eritrea,2017,September,0,0
Eritrea,2017,October,0,0
Eritrea,2017,November,0,0
Eritrea,2017,December,0,0
Eritrea,2018,January,0,0
Eritrea,2018,February,0,0
Eritrea,2018,March,1,1
Eritrea,2018,April,0,0
Eritrea,2018,May,0,0
Eritrea,2018,June,0,0
Eritrea,2018,July,0,0
Eritrea,2018,August,0,0
Eritrea,2018,September,0,0
Eritrea,2018,October,0,0
Eritrea,2018,November,0,0
Eritrea,2018,December,1,0
Eritrea,2019,January,0,0
Eritrea,2019,February,0,0
Eritrea,2019,March,0,0
Eritrea,2019,April,0,0
Eritrea,2019,May,0,0
Eritrea,2019,June,0,0
Eritrea,2019,July,0,0
Eritrea,2019,August,0,0
Eritrea,2019,September,0,0
Eritrea,2019,October,0,0
Eritrea,2019,November,0,0
Eritrea,2019,December,0,0
Eritrea,2020,January,0,0
Eritrea,2020,February,1,1
Eritrea,2020,March,0,0
Eritrea,2020,April,0,0
Eritrea,2020,May,0,0
Eritrea,2020,June,0,0
Eritrea,2020,July,0,0
Eritrea,2020,August,0,0
Eritrea,2020,September,0,0
Eritrea,2020,October,0,0
Eritrea,2020,November,1,0
Eritrea,2020,December,0,0
Eritrea,2021,January,1,0
Eritrea,2021,February,0,0
Eritrea,2021,March,0,0
Eritrea,2021,April,0,0
Eritrea,2021,May,0,0
Eritrea,2021,June,0,0
Eritrea,2021,July,0,0
Eritrea,2021,August,0,0
Eritrea,2021,September,0,0
Eritrea,2021,October,1,0
Eritrea,2021,November,0,0
Eritrea,2021,December,0,0
Eritrea,2022,January,0,0
Eritrea,2022,February,0,0
Eritrea,2022,March,1,0
Eritrea,2022,April,0,0
Eritrea,2022,May,0,0
Eritrea,2022,June,0,0
Eritrea,2022,July,0,0
Eritrea,2022,August,0,0
Eritrea,2022,September,0,0
Eritrea,2022,October,0,0
Eritrea,2022,November,0,0
Eritrea,2022,December,0,0
Eritrea,2023,January,0,0
Eritrea,2023,February,0,0
Eritrea,2023,March,0,0
Eritrea,2023,April,0,0
Eritrea,2023,May,0,0
Eritrea,2023,June,0,0
Eritrea,2023,July,0,0
Eritrea,2023,August,0,0
Eritrea,2023,September,0,0
Eritrea,2023,October,0,0
Eritrea,2023,November,0,0
Eritrea,2023,December,0,0
Eritrea,2024,January,0,0
Eritrea,2024,February,0,0
Eritrea,2024,March,0,0
Eritrea,2024,April,0,0
Eritrea,2024,May,0,0
Eritrea,2024,June,0,0
Eritrea,2024,July,0,0
Eritrea,2024,August,1,0
Eritrea,2024,September,0,0
Eritrea,2024,October,0,0
Eritrea,2024,November,0,0
Eritrea,2024,December,0,0
Eritrea,2025,January,0,0
Eritrea,2025,February,0,0
Eritrea,2025,March,0,0
Eritrea,2025,April,0,0
Eritrea,2025,May,0,0
Eritrea,2025,June,0,0
Eritrea,2025,July,1,0
Eritrea,2025,August,0,0
Eritrea,2025,September,0,0
Eritrea,2025,October,0,0
Eritrea,2025,November,1,1
Eritrea,2025,December,0,0
Eritrea,2026,January,0,0
Eritrea,2026,February,0,0
Eritrea,2026,March,0,0
Eritrea,2026,April,0,0
Eritrea,2026,May,0,0
Eritrea,2026,June,0,0
Eritrea,2026,July,0,0
Kenya,1997,January,3,6
Kenya,1997,February,3,9
Kenya,1997,March,3,147
Kenya,1997,April,3,1
Kenya,1997,May,0,0
Kenya,1997,June,1,0
Kenya,1997,July,5,22
Kenya,1997,August,13,49
Kenya,1997,September,9,62
Kenya,1997,October,3,7
Kenya,1997,November,10,1
Kenya,1997,December,3,5
Kenya,1998,January,12,7
Kenya,1998,February,2,0
Kenya,1998,March,2,2
Kenya,1998,April,7,1
Kenya,1998,May,3,1
Kenya,1998,June,1,0
Kenya,1998,July,2,1
Kenya,1998,August,1,213
Kenya,1998,September,2,2
Kenya,1998,October,24,281
Kenya,1998,November,0,0
Kenya,1998,December,4,0
Kenya,1999,January,8,1
Kenya,1999,February,2,0
Kenya,1999,March,9,101
Kenya,1999,April,4,1
Kenya,1999,May,5,0
Kenya,1999,June,4,8
Kenya,1999,July,2,0
Kenya,1999,August,2,0
Kenya,1999,September,1,0
Kenya,1999,October,6,0
Kenya,1999,November,7,13
Kenya,1999,December,5,15
Kenya,2000,January,6,18
Kenya,2000,February,4,87
Kenya,2000,March,6,20
Kenya,2000,April,6,28
Kenya,2000,May,7,17
Kenya,2000,June,7,17
Kenya,2000,July,4,60
Kenya,2000,August,14,14
Kenya,2000,September,4,18
Kenya,2000,October,9,15
Kenya,2000,November,8,12
Kenya,2000,December,6,6
Kenya,2001,January,6,26
Kenya,2001,February,8,11
Kenya,2001,March,6,124
Kenya,2001,April,3,8
Kenya,2001,May,5,9
Kenya,2001,June,0,0
Kenya,2001,July,4,9
Kenya,2001,August,4,9
Kenya,2001,September,1,8
Kenya,2001,October,2,4
Kenya,2001,November,3,9
Kenya,2001,December,4,52
Kenya,2002,January,8,9
Kenya,2002,February,3,7
Kenya,2002,March,8,93
Kenya,2002,April,5,6
Kenya,2002,May,7,3
Kenya,2002,June,3,10
Kenya,2002,July,8,22
Kenya,2002,August,4,4
Kenya,2002,September,19,83
Kenya,2002,October,12,16
Kenya,2002,November,12,43
Kenya,2002,December,10,18
Kenya,2003,January,9,15
Kenya,2003,February,4,1
Kenya,2003,March,4,5
Kenya,2003,April,4,6
Kenya,2003,May,3,7
Kenya,2003,June,4,6
Kenya,2003,July,7,18
Kenya,2003,August,3,3
Kenya,2003,September,1,1
Kenya,2003,October,3,3
Kenya,2003,November,7,11
Kenya,2003,December,4,0
Kenya,2004,January,3,7
Kenya,2004,February,3,14
Kenya,2004,March,3,1
Kenya,2004,April,3,12
Kenya,2004,May,1,3
Kenya,2004,June,7,3
Kenya,2004,July,6,72
Kenya,2004,August,4,12
Kenya,2004,September,7,1
Kenya,2004,October,2,1
Kenya,2004,November,3,0
Kenya,2004,December,6,0
Kenya,2005,January,18,27
Kenya,2005,February,4,1
Kenya,2005,March,5,36
Kenya,2005,April,11,37
Kenya,2005,May,7,10
Kenya,2005,June,4,9
Kenya,2005,July,13,70
Kenya,2005,August,1,1
Kenya,2005,September,0,0
Kenya,2005,October,3,4
Kenya,2005,November,4,5
Kenya,2005,December,2,4
Kenya,2006,January,3,2
Kenya,2006,February,3,6
Kenya,2006,March,4,5
Kenya,2006,April,8,10
Kenya,2006,May,7,10
Kenya,2006,June,4,12
Kenya,2006,July,7,8
Kenya,2006,August,7,14
Kenya,2006,September,8,13
Kenya,2006,October,2,2
Kenya,2006,November,4,8
Kenya,2006,December,5,30
Kenya,2007,January,3,7
Kenya,2007,February,2,2
Kenya,2007,March,5,7
Kenya,2007,April,11,39
Kenya,2007,May,11,42
Kenya,2007,June,14,43
Kenya,2007,July,9,33
Kenya,2007,August,14,26
Kenya,2007,September,3,0
Kenya,2007,October,3,1
Kenya,2007,November,20,15
Kenya,2007,December,49,99
Kenya,2008,January,91,302
Kenya,2008,February,5,16
Kenya,2008,March,24,109
Kenya,2008,April,7,10
Kenya,2008,May,6,10
Kenya,2008,June,3,0
Kenya,2008,July,2,7
Kenya,2008,August,5,129
Kenya,2008,September,6,24
Kenya,2008,October,2,0
Kenya,2008,November,8,7
Kenya,2008,December,5,3
Kenya,2009,January,5,12
Kenya,2009,February,2,5
Kenya,2009,March,2,3
Kenya,2009,April,2,0
Kenya,2009,May,1,2
Kenya,2009,June,3,5
Kenya,2009,July,5,3
Kenya,2009,August,7,31
Kenya,2009,September,5,0
Kenya,2009,October,5,2
Kenya,2009,November,3,1
Kenya,2009,December,7,0
Kenya,2010,January,7,12
Kenya,2010,February,4,0
Kenya,2010,March,2,3
Kenya,2010,April,2,2
Kenya,2010,May,3,2
Kenya,2010,June,8,12
Kenya,2010,July,4,5
Kenya,2010,August,3,9
Kenya,2010,September,5,4
Kenya,2010,October,5,0
Kenya,2010,November,3,16
Kenya,2010,December,14,20
Kenya,2011,January,10,8
Kenya,2011,February,13,6
Kenya,2011,March,5,1
Kenya,2011,April,2,4
Kenya,2011,May,10,65
Kenya,2011,June,8,25
Kenya,2011,July,0,0
Kenya,2011,August,1,1
Kenya,2011,September,1,1
Kenya,2011,October,5,6
Kenya,2011,November,6,17
Kenya,2011,December,3,3
Kenya,2012,January,7,9
Kenya,2012,February,8,9
Kenya,2012,March,10,23
Kenya,2012,April,6,3
Kenya,2012,May,11,12
Kenya,2012,June,16,7
Kenya,2012,July,16,25
Kenya,2012,August,15,85
Kenya,2012,September,18,58
Kenya,2012,October,19,24
Kenya,2012,November,13,19
Kenya,2012,December,21,74
Kenya,2013,January,37,38
Kenya,2013,February,27,32
Kenya,2013,March,35,24
Kenya,2013,April,31,42
Kenya,2013,May,25,40
Kenya,2013,June,19,51
Kenya,2013,July,7,18
Kenya,2013,August,16,38
Kenya,2013,September,20,90
Kenya,2013,October,14,15
Kenya,2013,November,16,45
Kenya,2013,December,19,64
Kenya,2014,January,15,18
Kenya,2014,February,11,10
Kenya,2014,March,12,19
Kenya,2014,April,12,10
Kenya,2014,May,10,31
Kenya,2014,June,18,84
Kenya,2014,July,18,48
Kenya,2014,August,15,19
Kenya,2014,September,14,19
Kenya,2014,October,12,6
Kenya,2014,November,11,37
Kenya,2014,December,14,65
Kenya,2015,January,8,10
Kenya,2015,February,10,7
Kenya,2015,March,19,28
Kenya,2015,April,12,160
Kenya,2015,May,10,51
Kenya,2015,June,9,29
Kenya,2015,July,8,25
Kenya,2015,August,4,7
Kenya,2015,September,4,5
Kenya,2015,October,8,9
Kenya,2015,November,3,4
Kenya,2015,December,6,11
Kenya,2016,January,4,6
Kenya,2016,February,3,8
Kenya,2016,March,4,2
Kenya,2016,April,2,2
Kenya,2016,May,9,15
Kenya,2016,June,11,15
Kenya,2016,July,7,10
Kenya,2016,August,10,7
Kenya,2016,September,3,3
Kenya,2016,October,10,23
Kenya,2016,November,5,2
Kenya,2016,December,13,18
Kenya,2017,January,11,16
Kenya,2017,February,18,27
Kenya,2017,March,21,41
Kenya,2017,April,34,33
Kenya,2017,May,30,27
Kenya,2017,June,21,30
Kenya,2017,July,28,58
Kenya,2017,August,39,42
Kenya,2017,September,16,27
Kenya,2017,October,49,23
Kenya,2017,November,11,34
Kenya,2017,December,7,15
Kenya,2018,January,16,28
Kenya,2018,February,16,18
Kenya,2018,March,8,19
Kenya,2018,April,14,16
Kenya,2018,May,15,29
Kenya,2018,June,17,2
Kenya,2018,July,15,12
Kenya,2018,August,16,12
Kenya,2018,September,41,53
Kenya,2018,October,16,14
Kenya,2018,November,27,19
Kenya,2018,December,17,12
Kenya,2019,January,29,42
Kenya,2019,February,10,14
Kenya,2019,March,12,11
Kenya,2019,April,16,19
Kenya,2019,May,14,30
Kenya,2019,June,13,7
Kenya,2019,July,11,7
Kenya,2019,August,9,14
Kenya,2019,September,23,29
Kenya,2019,October,17,19
Kenya,2019,November,18,21
Kenya,2019,December,23,28
Kenya,2020,January,19,10
Kenya,2020,February,19,20
Kenya,2020,March,28,22
Kenya,2020,April,21,12
Kenya,2020,May,21,18
Kenya,2020,June,16,19
Kenya,2020,July,18,16
Kenya,2020,August,13,12
Kenya,2020,September,11,13
Kenya,2020,October,16,9
Kenya,2020,November,17,19
Kenya,2020,December,13,10
Kenya,2021,January,15,20
Kenya,2021,February,3,1
Kenya,2021,March,11,13
Kenya,2021,April,7,7
Kenya,2021,May,18,12
Kenya,2021,June,18,22
Kenya,2021,July,26,49
Kenya,2021,August,21,16
Kenya,2021,September,34,24
Kenya,2021,October,29,40
Kenya,2021,November,29,26
Kenya,2021,December,33,23
Kenya,2022,January,41,45
Kenya,2022,February,53,53
Kenya,2022,March,69,69
Kenya,2022,April,52,36
Kenya,2022,May,51,26
Kenya,2022,June,48,29
Kenya,2022,July,66,24
Kenya,2022,August,78,24
Kenya,2022,September,44,24
Kenya,2022,October,53,35
Kenya,2022,November,78,54
Kenya,2022,December,53,40
Kenya,2023,January,69,60
Kenya,2023,February,52,45
Kenya,2023,March,73,63
Kenya,2023,April,61,44
Kenya,2023,May,70,50
Kenya,2023,June,74,46
Kenya,2023,July,60,48
Kenya,2023,August,62,41
Kenya,2023,September,74,56
Kenya,2023,October,53,30
Kenya,2023,November,52,40
Kenya,2023,December,41,39
Kenya,2024,January,51,36
Kenya,2024,February,57,37
Kenya,2024,March,76,51
Kenya,2024,April,38,20
Kenya,2024,May,45,27
Kenya,2024,June,57,29
Kenya,2024,July,65,41
Kenya,2024,August,51,33
Kenya,2024,September,64,64
Kenya,2024,October,53,26
Kenya,2024,November,58,26
Kenya,2024,December,49,13
Kenya,2025,January,70,39
Kenya,2025,February,58,34
Kenya,2025,March,77,44
Kenya,2025,April,62,49
Kenya,2025,May,69,40
Kenya,2025,June,133,86
Kenya,2025,July,93,76
Kenya,2025,August,71,43
Kenya,2025,September,81,49
Kenya,2025,October,70,52
Kenya,2025,November,83,39
Kenya,2025,December,73,55
Kenya,2026,January,94,64
Kenya,2026,February,71,40
Kenya,2026,March,72,49
Kenya,2026,April,52,37
Kenya,2026,May,58,41
Kenya,2026,June,79,37
Kenya,2026,July,48,28
Kyrgyzstan,2018,January,0,0
Kyrgyzstan,2018,February,3,0
Kyrgyzstan,2018,March,2,0
Kyrgyzstan,2018,April,3,1
Kyrgyzstan,2018,May,2,0
Kyrgyzstan,2018,June,1,0
Kyrgyzstan,2018,July,1,0
Kyrgyzstan,2018,August,1,0
Kyrgyzstan,2018,September,2,0
Kyrgyzstan,2018,October,2,1
Kyrgyzstan,2018,November,6,2
Kyrgyzstan,2018,December,5,0
Kyrgyzstan,2019,January,2,0
Kyrgyzstan,2019,February,3,0
Kyrgyzstan,2019,March,1,0
Kyrgyzstan,2019,April,3,0
Kyrgyzstan,2019,May,8,0
Kyrgyzstan,2019,June,4,0
Kyrgyzstan,2019,July,1,0
Kyrgyzstan,2019,August,4,0
Kyrgyzstan,2019,September,1,0
Kyrgyzstan,2019,October,0,0
Kyrgyzstan,2019,November,1,0
Kyrgyzstan,2019,December,1,0
Kyrgyzstan,2020,January,3,0
Kyrgyzstan,2020,February,0,0
Kyrgyzstan,2020,March,2,0
Kyrgyzstan,2020,April,3,0
Kyrgyzstan,2020,May,2,0
Kyrgyzstan,2020,June,4,0
Kyrgyzstan,2020,July,4,0
Kyrgyzstan,2020,August,2,0
Kyrgyzstan,2020,September,6,0
Kyrgyzstan,2020,October,8,1
Kyrgyzstan,2020,November,1,0
Kyrgyzstan,2020,December,1,0
Kyrgyzstan,2021,January,2,0
Kyrgyzstan,2021,February,2,0
Kyrgyzstan,2021,March,3,0
Kyrgyzstan,2021,April,13,0
Kyrgyzstan,2021,May,9,0
Kyrgyzstan,2021,June,3,0
Kyrgyzstan,2021,July,3,0
Kyrgyzstan,2021,August,6,1
Kyrgyzstan,2021,September,3,0
Kyrgyzstan,2021,October,4,0
Kyrgyzstan,2021,November,2,0
Kyrgyzstan,2021,December,7,0
Kyrgyzstan,2022,January,1,0
Kyrgyzstan,2022,February,2,0
Kyrgyzstan,2022,March,2,0
Kyrgyzstan,2022,April,4,0
Kyrgyzstan,2022,May,1,3
Kyrgyzstan,2022,June,4,0
Kyrgyzstan,2022,July,1,0
Kyrgyzstan,2022,August,7,0
Kyrgyzstan,2022,September,3,0
Kyrgyzstan,2022,October,3,0
Kyrgyzstan,2022,November,3,0
Kyrgyzstan,2022,December,2,0
Kyrgyzstan,2023,January,4,0
Kyrgyzstan,2023,February,3,0
Kyrgyzstan,2023,March,6,0
Kyrgyzstan,2023,April,4,0
Kyrgyzstan,2023,May,1,0
Kyrgyzstan,2023,June,5,0
Kyrgyzstan,2023,July,1,0
Kyrgyzstan,2023,August,4,0
Kyrgyzstan,2023,September,2,0
Kyrgyzstan,2023,October,4,0
Kyrgyzstan,2023,November,0,0
Kyrgyzstan,2023,December,5,1
Kyrgyzstan,2024,January,1,0
Kyrgyzstan,2024,February,0,0
Kyrgyzstan,2024,March,6,0
Kyrgyzstan,2024,April,4,0
Kyrgyzstan,2024,May,5,0
Kyrgyzstan,2024,June,3,0
Kyrgyzstan,2024,July,0,0
Kyrgyzstan,2024,August,2,1
Kyrgyzstan,2024,September,4,0
Kyrgyzstan,2024,October,3,0
Kyrgyzstan,2024,November,3,0
Kyrgyzstan,2024,December,2,0
Kyrgyzstan,2025,January,7,0
Kyrgyzstan,2025,February,1,0
Kyrgyzstan,2025,March,3,0
Kyrgyzstan,2025,April,8,2
Kyrgyzstan,2025,May,1,0
Kyrgyzstan,2025,June,3,0
Kyrgyzstan,2025,July,3,0
Kyrgyzstan,2025,August,4,1
Kyrgyzstan,2025,September,5,0
Kyrgyzstan,2025,October,2,1
Kyrgyzstan,2025,November,7,1
Kyrgyzstan,2025,December,4,0
Kyrgyzstan,2026,January,4,1
Kyrgyzstan,2026,February,2,0
Kyrgyzstan,2026,March,0,0
Kyrgyzstan,2026,April,1,0
Kyrgyzstan,2026,May,3,0
Kyrgyzstan,2026,June,4,0
Kyrgyzstan,2026,July,3,0
Nicaragua,2018,January,0,0
Nicaragua,2018,February,0,0
Nicaragua,2018,March,0,0
Nicaragua,2018,April,30,55
Nicaragua,2018,May,50,56
Nicaragua,2018,June,61,77
Nicaragua,2018,July,37,30
Nicaragua,2018,August,6,1
Nicaragua,2018,September,6,2
Nicaragua,2018,October,2,1
Nicaragua,2018,November,2,0
Nicaragua,2018,December,3,0
Nicaragua,2019,January,4,2
Nicaragua,2019,February,7,1
Nicaragua,2019,March,2,0
Nicaragua,2019,April,1,0
Nicaragua,2019,May,4,2
Nicaragua,2019,June,13,2
Nicaragua,2019,July,11,3
Nicaragua,2019,August,8,1
Nicaragua,2019,September,10,3
Nicaragua,2019,October,2,8
Nicaragua,2019,November,6,6
Nicaragua,2019,December,5,0
Nicaragua,2020,January,5,10
Nicaragua,2020,February,7,1
Nicaragua,2020,March,9,7
Nicaragua,2020,April,6,2
Nicaragua,2020,May,1,0
Nicaragua,2020,June,2,0
Nicaragua,2020,July,7,2
Nicaragua,2020,August,2,1
Nicaragua,2020,September,4,0
Nicaragua,2020,October,3,3
Nicaragua,2020,November,3,1
Nicaragua,2020,December,9,1
Nicaragua,2021,January,5,1
Nicaragua,2021,February,2,0
Nicaragua,2021,March,3,2
Nicaragua,2021,April,9,0
Nicaragua,2021,May,8,1
Nicaragua,2021,June,4,1
Nicaragua,2021,July,3,0
Nicaragua,2021,August,2,16
Nicaragua,2021,September,0,0
Nicaragua,2021,October,3,5
Nicaragua,2021,November,2,0
Nicaragua,2021,December,1,3
Nicaragua,2022,January,0,0
Nicaragua,2022,February,1,0
Nicaragua,2022,March,2,1
Nicaragua,2022,April,2,0
Nicaragua,2022,May,1,0
Nicaragua,2022,June,2,0
Nicaragua,2022,July,0,0
Nicaragua,2022,August,2,1
Nicaragua,2022,September,1,0
Nicaragua,2022,October,0,0
Nicaragua,2022,November,1,1
Nicaragua,2022,December,0,0
Nicaragua,2023,January,1,0
Nicaragua,2023,February,0,0
Nicaragua,2023,March,3,5
Nicaragua,2023,April,2,2
Nicaragua,2023,May,0,0
Nicaragua,2023,June,0,0
Nicaragua,2023,July,2,2
Nicaragua,2023,August,0,0
Nicaragua,2023,September,1,1
Nicaragua,2023,October,0,0
Nicaragua,2023,November,0,0
Nicaragua,2023,December,0,0
Nicaragua,2024,January,1,1
Nicaragua,2024,February,0,0
Nicaragua,2024,March,1,0
Nicaragua,2024,April,2,1
Nicaragua,2024,May,2,2
Nicaragua,2024,June,0,0
Nicaragua,2024,July,1,1
Nicaragua,2024,August,0,0
Nicaragua,2024,September,0,0
Nicaragua,2024,October,0,0
Nicaragua,2024,November,2,3
Nicaragua,2024,December,1,1
Nicaragua,2025,January,0,0
Nicaragua,2025,February,1,0
Nicaragua,2025,March,1,1
Nicaragua,2025,April,1,0
Nicaragua,2025,May,0,0
Nicaragua,2025,June,0,0
Nicaragua,2025,July,0,0
Nicaragua,2025,August,0,0
Nicaragua,2025,September,3,3
Nicaragua,2025,October,0,0
Nicaragua,2025,November,1,1
Nicaragua,2025,December,1,1
Nicaragua,2026,January,2,0
Nicaragua,2026,February,0,0
Nicaragua,2026,March,2,1
Nicaragua,2026,April,1,1
Nicaragua,2026,May,1,1
Nicaragua,2026,June,0,0
Nicaragua,2026,July,1,1
Pakistan,2010,January,45,194
Pakistan,2010,February,46,108
Pakistan,2010,March,101,154
Pakistan,2010,April,81,212
Pakistan,2010,May,32,114
Pakistan,2010,June,36,42
Pakistan,2010,July,40,244
Pakistan,2010,August,48,103
Pakistan,2010,September,44,181
Pakistan,2010,October,68,97
Pakistan,2010,November,32,105
Pakistan,2010,December,51,144
Pakistan,2011,January,51,91
Pakistan,2011,February,36,46
Pakistan,2011,March,89,222
Pakistan,2011,April,77,161
Pakistan,2011,May,27,64
Pakistan,2011,June,72,123
Pakistan,2011,July,35,89
Pakistan,2011,August,37,130
Pakistan,2011,September,19,115
Pakistan,2011,October,34,37
Pakistan,2011,November,21,22
Pakistan,2011,December,43,53
Pakistan,2012,January,56,127
Pakistan,2012,February,76,284
Pakistan,2012,March,75,141
Pakistan,2012,April,76,142
Pakistan,2012,May,98,109
Pakistan,2012,June,115,254
Pakistan,2012,July,100,206
Pakistan,2012,August,101,183
Pakistan,2012,September,52,124
Pakistan,2012,October,71,112
Pakistan,2012,November,116,242
Pakistan,2012,December,77,139
Pakistan,2013,January,109,181
Pakistan,2013,February,64,202
Pakistan,2013,March,66,111
Pakistan,2013,April,69,127
Pakistan,2013,May,114,190
Pakistan,2013,June,64,206
Pakistan,2013,July,49,171
Pakistan,2013,August,69,101
Pakistan,2013,September,71,342
Pakistan,2013,October,41,70
Pakistan,2013,November,55,92
Pakistan,2013,December,50,69
Pakistan,2014,January,48,103
Pakistan,2014,February,55,142
Pakistan,2014,March,47,56
Pakistan,2014,April,95,236
Pakistan,2014,May,61,62
Pakistan,2014,June,89,104
Pakistan,2014,July,17,25
Pakistan,2014,August,51,54
Pakistan,2014,September,62,72
Pakistan,2014,October,49,104
Pakistan,2014,November,41,103
Pakistan,2014,December,18,155
Pakistan,2015,January,50,117
Pakistan,2015,February,60,83
Pakistan,2015,March,56,63
Pakistan,2015,April,49,79
Pakistan,2015,May,89,165
Pakistan,2015,June,35,31
Pakistan,2015,July,38,41
Pakistan,2015,August,33,58
Pakistan,2015,September,41,106
Pakistan,2015,October,24,68
Pakistan,2015,November,49,33
Pakistan,2015,December,27,68
Pakistan,2016,January,30,52
Pakistan,2016,February,30,23
Pakistan,2016,March,22,104
Pakistan,2016,April,27,32
Pakistan,2016,May,28,27
Pakistan,2016,June,33,32
Pakistan,2016,July,37,33
Pakistan,2016,August,27,116
Pakistan,2016,September,22,58
Pakistan,2016,October,25,31
Pakistan,2016,November,21,90
Pakistan,2016,December,18,14
Pakistan,2017,January,24,38
Pakistan,2017,February,29,133
Pakistan,2017,March,30,35
Pakistan,2017,April,17,19
Pakistan,2017,May,25,56
Pakistan,2017,June,14,95
Pakistan,2017,July,14,47
Pakistan,2017,August,15,19
Pakistan,2017,September,17,23
Pakistan,2017,October,20,40
Pakistan,2017,November,11,7
Pakistan,2017,December,18,41
Pakistan,2018,January,11,15
Pakistan,2018,February,11,8
Pakistan,2018,March,18,16
Pakistan,2018,April,24,27
Pakistan,2018,May,23,25
Pakistan,2018,June,35,29
Pakistan,2018,July,60,205
Pakistan,2018,August,52,43
Pakistan,2018,September,41,31
Pakistan,2018,October,60,54
Pakistan,2018,November,39,62
Pakistan,2018,December,49,43
Pakistan,2019,January,55,39
Pakistan,2019,February,26,16
Pakistan,2019,March,53,45
Pakistan,2019,April,50,60
Pakistan,2019,May,53,42
Pakistan,2019,June,55,42
Pakistan,2019,July,49,30
Pakistan,2019,August,53,48
Pakistan,2019,September,45,25
Pakistan,2019,October,40,23
Pakistan,2019,November,39,27
Pakistan,2019,December,27,21
Pakistan,2020,January,15,32
Pakistan,2020,February,14,24
Pakistan,2020,March,12,7
Pakistan,2020,April,7,6
Pakistan,2020,May,12,11
Pakistan,2020,June,7,3
Pakistan,2020,July,17,21
Pakistan,2020,August,24,16
Pakistan,2020,September,19,17
Pakistan,2020,October,15,25
Pakistan,2020,November,21,19
Pakistan,2020,December,19,23
Pakistan,2021,January,22,36
Pakistan,2021,February,29,28
Pakistan,2021,March,30,30
Pakistan,2021,April,25,20
Pakistan,2021,May,32,23
Pakistan,2021,June,41,46
Pakistan,2021,July,25,32
Pakistan,2021,August,36,45
Pakistan,2021,September,28,41
Pakistan,2021,October,16,14
Pakistan,2021,November,26,20
Pakistan,2021,December,24,18
Pakistan,2022,January,58,33
Pakistan,2022,February,68,19
Pakistan,2022,March,56,84
Pakistan,2022,April,54,34
Pakistan,2022,May,64,23
Pakistan,2022,June,52,33
Pakistan,2022,July,88,39
Pakistan,2022,August,63,26
Pakistan,2022,September,58,27
Pakistan,2022,October,63,54
Pakistan,2022,November,49,38
Pakistan,2022,December,72,35
Pakistan,2023,January,58,114
Pakistan,2023,February,65,38
Pakistan,2023,March,75,50
Pakistan,2023,April,62,36
Pakistan,2023,May,63,40
Pakistan,2023,June,66,45
Pakistan,2023,July,96,109
Pakistan,2023,August,121,78
Pakistan,2023,September,116,134
Pakistan,2023,October,80,52
Pakistan,2023,November,97,63
Pakistan,2023,December,83,67
Pakistan,2024,January,102,61
Pakistan,2024,February,97,78
Pakistan,2024,March,62,41
Pakistan,2024,April,90,68
Pakistan,2024,May,116,66
Pakistan,2024,June,90,46
Pakistan,2024,July,104,68
Pakistan,2024,August,92,87
Pakistan,2024,September,74,48
Pakistan,2024,October,97,60
Pakistan,2024,November,95,133
Pakistan,2024,December,83,42
Pakistan,2025,January,116,54
Pakistan,2025,February,115,75
Pakistan,2025,March,120,103
Pakistan,2025,April,154,84
Pakistan,2025,May,158,67
Pakistan,2025,June,144,107
Pakistan,2025,July,129,75
Pakistan,2025,August,141,89
Pakistan,2025,September,138,102
Pakistan,2025,October,128,67
Pakistan,2025,November,177,113
Pakistan,2025,December,116,61
Pakistan,2026,January,155,83
Pakistan,2026,February,139,122
Pakistan,2026,March,141,104
Pakistan,2026,April,148,69
Pakistan,2026,May,164,137
Pakistan,2026,June,129,103
Pakistan,2026,July,168,121
Peru,2018,January,1,0
Peru,2018,February,2,1
Peru,2018,March,0,0
Peru,2018,April,1,1
Peru,2018,May,0,0
Peru,2018,June,0,0
Peru,2018,July,2,0
Peru,2018,August,3,3
Peru,2018,September,3,2
Peru,2018,October,2,0
Peru,2018,November,0,0
Peru,2018,December,0,0
Peru,2019,January,2,1
Peru,2019,February,0,0
Peru,2019,March,1,1
Peru,2019,April,6,4
Peru,2019,May,2,1
Peru,2019,June,3,0
Peru,2019,July,6,2
Peru,2019,August,11,6
Peru,2019,September,13,1
Peru,2019,October,5,0
Peru,2019,November,5,6
Peru,2019,December,9,2
Peru,2020,January,6,0
Peru,2020,February,10,0
Peru,2020,March,6,0
Peru,2020,April,6,0
Peru,2020,May,5,0
Peru,2020,June,5,0
Peru,2020,July,3,0
Peru,2020,August,5,0
Peru,2020,September,11,1
Peru,2020,October,8,0
Peru,2020,November,12,0
Peru,2020,December,14,0
Peru,2021,January,4,0
Peru,2021,February,6,0
Peru,2021,March,10,0
Peru,2021,April,2,0
Peru,2021,May,9,17
Peru,2021,June,1,0
Peru,2021,July,6,0
Peru,2021,August,6,0
Peru,2021,September,8,1
Peru,2021,October,7,0
Peru,2021,November,2,0
Peru,2021,December,9,1
Peru,2022,January,3,0
Peru,2022,February,12,0
Peru,2022,March,6,0
Peru,2022,April,9,1
Peru,2022,May,11,0
Peru,2022,June,11,0
Peru,2022,July,3,0
Peru,2022,August,5,0
Peru,2022,September,8,0
Peru,2022,October,4,1
Peru,2022,November,8,1
Peru,2022,December,4,2
Peru,2023,January,7,6
Peru,2023,February,7,1
Peru,2023,March,5,0
Peru,2023,April,13,7
Peru,2023,May,7,9
Peru,2023,June,7,1
Peru,2023,July,6,0
Peru,2023,August,6,0
Peru,2023,September,14,4
Peru,2023,October,9,2
Peru,2023,November,9,2
Peru,2023,December,6,10
Peru,2024,January,8,4
Peru,2024,February,4,0
Peru,2024,March,16,4
Peru,2024,April,18,5
Peru,2024,May,15,3
Peru,2024,June,13,2
Peru,2024,July,17,4
Peru,2024,August,16,4
Peru,2024,September,12,1
Peru,2024,October,12,6
Peru,2024,November,19,7
Peru,2024,December,21,1
Peru,2025,January,23,7
Peru,2025,February,11,3
Peru,2025,March,15,4
Peru,2025,April,16,1
Peru,2025,May,14,4
Peru,2025,June,13,1
Peru,2025,July,26,7
Peru,2025,August,15,2
Peru,2025,September,16,2
Peru,2025,October,7,3
Peru,2025,November,19,4
Peru,2025,December,15,5
Peru,2026,January,12,3
Peru,2026,February,9,4
Peru,2026,March,11,7
Peru,2026,April,8,8
Peru,2026,May,10,3
Peru,2026,June,7,2
Peru,2026,July,7,0
Tajikistan,2018,January,3,2
Tajikistan,2018,February,0,0
Tajikistan,2018,March,2,1
Tajikistan,2018,April,0,0
Tajikistan,2018,May,0,0
Tajikistan,2018,June,0,0
Tajikistan,2018,July,4,4
Tajikistan,2018,August,1,2
Tajikistan,2018,September,0,0
Tajikistan,2018,October,1,2
Tajikistan,2018,November,0,0
Tajikistan,2018,December,1,0
Tajikistan,2019,January,1,0
Tajikistan,2019,February,0,0
Tajikistan,2019,March,4,1
Tajikistan,2019,April,2,0
Tajikistan,2019,May,0,0
Tajikistan,2019,June,1,0
Tajikistan,2019,July,2,14
Tajikistan,2019,August,3,0
Tajikistan,2019,September,2,0
Tajikistan,2019,October,1,0
Tajikistan,2019,November,0,0
Tajikistan,2019,December,1,0
Tajikistan,2020,January,0,0
Tajikistan,2020,February,0,0
Tajikistan,2020,March,0,0
Tajikistan,2020,April,0,0
Tajikistan,2020,May,3,0
Tajikistan,2020,June,0,0
Tajikistan,2020,July,0,0
Tajikistan,2020,August,1,1
Tajikistan,2020,September,1,0
Tajikistan,2020,October,1,0
Tajikistan,2020,November,0,0
Tajikistan,2020,December,0,0
Tajikistan,2021,January,0,0
Tajikistan,2021,February,0,0
Tajikistan,2021,March,1,0
Tajikistan,2021,April,1,0
Tajikistan,2021,May,2,0
Tajikistan,2021,June,0,0
Tajikistan,2021,July,0,0
Tajikistan,2021,August,0,0
Tajikistan,2021,September,1,0
Tajikistan,2021,October,0,0
Tajikistan,2021,November,0,0
Tajikistan,2021,December,1,0
Tajikistan,2022,January,0,0
Tajikistan,2022,February,0,0
Tajikistan,2022,March,0,0
Tajikistan,2022,April,0,0
Tajikistan,2022,May,4,24
Tajikistan,2022,June,1,0
Tajikistan,2022,July,0,0
Tajikistan,2022,August,0,0
Tajikistan,2022,September,5,31
Tajikistan,2022,October,0,0
Tajikistan,2022,November,0,0
Tajikistan,2022,December,2,0
Tajikistan,2023,January,1,1
Tajikistan,2023,February,0,0
Tajikistan,2023,March,0,0
Tajikistan,2023,April,0,0
Tajikistan,2023,May,0,0
Tajikistan,2023,June,0,0
Tajikistan,2023,July,0,0
Tajikistan,2023,August,1,0
Tajikistan,2023,September,0,0
Tajikistan,2023,October,0,0
Tajikistan,2023,November,1,0
Tajikistan,2023,December,0,0
Tajikistan,2024,January,0,0
Tajikistan,2024,February,1,0
Tajikistan,2024,March,0,0
Tajikistan,2024,April,0,0
Tajikistan,2024,May,1,0
Tajikistan,2024,June,0,0
Tajikistan,2024,July,0,0
Tajikistan,2024,August,0,0
Tajikistan,2024,September,0,0
Tajikistan,2024,October,0,0
Tajikistan,2024,November,0,0
Tajikistan,2024,December,0,0
Tajikistan,2025,January,0,0
Tajikistan,2025,February,0,0
Tajikistan,2025,March,0,0
Tajikistan,2025,April,0,0
Tajikistan,2025,May,0,0
Tajikistan,2025,June,0,0
Tajikistan,2025,July,0,0
Tajikistan,2025,August,1,0
Tajikistan,2025,September,0,0
Tajikistan,2025,October,1,1
Tajikistan,2025,November,2,5
Tajikistan,2025,December,0,0
Tajikistan,2026,January,1,1
Tajikistan,2026,February,0,0
Tajikistan,2026,March,1,1
Tajikistan,2026,April,4,3
Tajikistan,2026,May,1,1
Tajikistan,2026,June,1,0
Tajikistan,2026,July,0,0
Uzbekistan,2018,January,2,0
Uzbekistan,2018,February,1,0
Uzbekistan,2018,March,1,0
Uzbekistan,2018,April,2,1
Uzbekistan,2018,May,2,0
Uzbekistan,2018,June,0,0
Uzbekistan,2018,July,1,0
Uzbekistan,2018,August,0,0
Uzbekistan,2018,September,1,0
Uzbekistan,2018,October,0,0
Uzbekistan,2018,November,1,1
Uzbekistan,2018,December,2,0
Uzbekistan,2019,January,0,0
Uzbekistan,2019,February,1,0
Uzbekistan,2019,March,2,0
Uzbekistan,2019,April,3,0
Uzbekistan,2019,May,2,1
Uzbekistan,2019,June,3,0
Uzbekistan,2019,July,3,0
Uzbekistan,2019,August,3,0
Uzbekistan,2019,September,3,2
Uzbekistan,2019,October,2,0
Uzbekistan,2019,November,2,0
Uzbekistan,2019,December,0,0
Uzbekistan,2020,January,1,1
Uzbekistan,2020,February,1,0
Uzbekistan,2020,March,0,0
Uzbekistan,2020,April,0,0
Uzbekistan,2020,May,4,1
Uzbekistan,2020,June,3,0
Uzbekistan,2020,July,6,2
Uzbekistan,2020,August,2,0
Uzbekistan,2020,September,4,0
Uzbekistan,2020,October,3,0
Uzbekistan,2020,November,1,0
Uzbekistan,2020,December,2,0
Uzbekistan,2021,January,1,0
Uzbekistan,2021,February,1,0
Uzbekistan,2021,March,4,0
Uzbekistan,2021,April,1,0
Uzbekistan,2021,May,6,1
Uzbekistan,2021,June,2,1
Uzbekistan,2021,July,6,2
Uzbekistan,2021,August,3,0
Uzbekistan,2021,September,4,0
Uzbekistan,2021,October,0,0
Uzbekistan,2021,November,3,0
Uzbekistan,2021,December,0,0
Uzbekistan,2022,January,2,0
Uzbekistan,2022,February,0,0
Uzbekistan,2022,March,3,2
Uzbekistan,2022,April,2,0
Uzbekistan,2022,May,2,0
Uzbekistan,2022,June,7,1
Uzbekistan,2022,July,11,5
Uzbekistan,2022,August,3,0
Uzbekistan,2022,September,3,0
Uzbekistan,2022,October,3,0
Uzbekistan,2022,November,1,0
Uzbekistan,2022,December,2,0
Uzbekistan,2023,January,1,0
Uzbekistan,2023,February,2,0
Uzbekistan,2023,March,2,0
Uzbekistan,2023,April,8,0
Uzbekistan,2023,May,5,0
Uzbekistan,2023,June,3,1
Uzbekistan,2023,July,3,0
Uzbekistan,2023,August,6,1
Uzbekistan,2023,September,3,0
Uzbekistan,2023,October,2,0
Uzbekistan,2023,November,0,0
Uzbekistan,2023,December,2,1
Uzbekistan,2024,January,2,0
Uzbekistan,2024,February,0,0
Uzbekistan,2024,March,0,0
Uzbekistan,2024,April,0,0
Uzbekistan,2024,May,3,0
Uzbekistan,2024,June,3,1
Uzbekistan,2024,July,3,1
Uzbekistan,2024,August,1,0
Uzbekistan,2024,September,1,0
Uzbekistan,2024,October,3,0
Uzbekistan,2024,November,0,0
Uzbekistan,2024,December,0,0
Uzbekistan,2025,January,4,0
Uzbekistan,2025,February,4,2
Uzbekistan,2025,March,1,0
Uzbekistan,2025,April,3,0
Uzbekistan,2025,May,5,0
Uzbekistan,2025,June,2,0
Uzbekistan,2025,July,2,0
Uzbekistan,2025,August,4,2
Uzbekistan,2025,September,0,0
Uzbekistan,2025,October,0,0
Uzbekistan,2025,November,0,0
Uzbekistan,2025,December,2,1
Uzbekistan,2026,January,0,0
Uzbekistan,2026,February,2,1
Uzbekistan,2026,March,2,0
Uzbekistan,2026,April,0,0
Uzbekistan,2026,May,1,0
Uzbekistan,2026,June,4,0
Uzbekistan,2026,July,0,0
