priogrid_gid,lat,lon,country,n_events_total
123560,-4.147597590909091,39.627303454545455,Kenya,22
124761,-3.2768744827586205,-79.92281868965517,Ecuador,29
125480,-2.6107243999999996,-80.38813924,Ecuador,25
126199,-2.232220857142857,-80.90298142857144,Ecuador,35
126201,-2.1859706111111112,-79.86567211111111,Ecuador,180
126441,-2.3098902,40.37919952,Kenya,25
126442,-2.247268681818182,40.74931,Kenya,22
126921,-1.7823275675675678,-79.69777594594593,Ecuador,37
127162,-1.7792156875,40.767133375,Kenya,16
127163,-1.7321046153846156,41.33828869230769,Kenya,39
127639,-1.0989235416666667,-80.65443616666666,Ecuador,24
127640,-1.0651609407407407,-80.4485041111111,Ecuador,135
127874,-1.2729548095238097,36.82180576190476,Kenya,42
127883,-1.1388015789473684,41.327152368421046,Somalia,19
128359,-0.9625566466165414,-80.70644389473685,Ecuador,133
128360,-0.7207617837837837,-80.31103994594595,Ecuador,37
129091,-0.18161425,-74.7546185625,Colombia,16
129325,-0.36043879999999995,42.228667474999995,Somalia,40
129326,-0.3149251479289941,42.55598143786982,Somalia,169
129808,0.46155,-76.34227,Colombia,20
130043,0.3516115357142858,41.17044442857143,Somalia,28
130045,0.1929701052631579,42.25784821052632,Somalia,19
130046,0.23621199328859063,42.74051989261745,Somalia,149
130527,0.70113856,-76.69993336,Colombia,25
130765,0.514381,42.073209,Somalia,21
130767,0.7996242580645161,43.38498787096774,Somalia,31
131472,1.1831745,35.624412,Kenya,24
131486,1.1400935,42.648199625000004,Somalia,16
131489,1.151083,44.062778333333334,Somalia,27
131963,1.7225634444444442,-78.72617216666667,Colombia,18
131964,1.845254696969697,-78.45752481818182,Colombia,33
132205,1.6746653125,42.3654623125,Somalia,16
132209,1.5970361333333334,44.295290333333334,Somalia,15
132210,1.7972627593220338,44.717241030508475,Somalia,295
132686,2.2729165555555557,-77.22418134920635,Colombia,63
132924,2.264538,41.73063373333333,Somalia,15
132925,2.3465214615384613,42.26677246153846,Somalia,52
132926,2.411217612903226,42.973579709677416,Somalia,31
132930,2.0857814923076923,44.87829063076923,Somalia,65
132931,2.0906268767737113,45.32408686258402,Somalia,1339
133407,2.7362540135135136,-76.72395245945945,Colombia,74
133408,2.7782895681818185,-76.34001445454545,Colombia,44
133643,2.7304882380952384,41.0843629047619,Somalia,21
133647,2.856925115384615,43.01647307692308,Somalia,26
133649,2.799735535714286,44.11331360714286,Somalia,28
133650,2.651757391304348,44.761470021739136,Somalia,46
133651,2.726344193548387,45.40880306451613,Somalia,31
133652,2.8350610888888887,45.53421454444444,Somalia,90
134127,3.3096840000000003,-76.55799747058823,Colombia,17
134128,3.1312503203883493,-76.29553083495145,Colombia,103
134363,3.272923,41.33452636842105,Kenya,19
134364,3.1916152631578947,41.79997384210527,Somalia,19
134365,3.284849358974359,42.28304171794871,Somalia,39
134367,3.245832347826087,43.375589159420294,Somalia,69
134368,3.107150125,43.67535169318182,Somalia,88
134372,3.2914027878787877,45.644211818181816,Somalia,33
134846,3.8661145882352947,-77.03494576470588,Colombia,17
135062,3.7535560416666667,30.764074166666664,South Sudan,24
135079,3.528756869565217,39.05919952173913,Ethiopia,23
135084,3.8913564385964916,41.8289590877193,Kenya,57
135087,3.8132326,43.241789,Somalia,25
135092,3.8279673396226417,45.57517977358491,Somalia,53
135782,4.17706496875,30.7787860625,South Sudan,32
135807,4.2518234999999995,43.32754525,Somalia,20
135808,4.139887076923077,43.87957912820513,Somalia,39
135811,4.1956161176470586,45.42932888235294,Somalia,17
135812,4.162538652173913,45.58991430434783,Somalia,23
135813,4.334166875,46.109811541666666,Somalia,24
135814,4.084309833333333,46.6397615,Somalia,18
136292,4.603334727272728,-74.12096836363636,Colombia,44
136504,4.846100407407407,31.614737555555553,South Sudan,54
136531,4.737521366336634,45.215531762376244,Somalia,101
136534,4.702907941176471,46.6054744117647,Somalia,17
136536,4.736421,47.8098389,Somalia,20
137239,5.3028524375,39.330455625,Ethiopia,16
137240,5.299695464285715,39.579312964285705,Ethiopia,28
137253,5.279043210526316,46.33290463157895,Somalia,19
137256,5.1760453823529415,47.922289735294115,Somalia,34
137959,5.693125304347825,39.33112056521739,Ethiopia,23
138452,6.404892962962963,-74.48705111111111,Colombia,27
138457,6.412470333333333,-71.75736341666666,Colombia,36
138664,6.2462605,31.5919295,South Sudan,18
139177,6.824339307692307,-71.83855942307693,Colombia,26
139178,6.755086,-71.29865939999999,Colombia,15
139380,6.6832321875,29.805944875,South Sudan,16
139415,6.773100865384615,47.42557657692308,Somalia,52
139889,7.274305833333333,-75.72650636111112,Colombia,36
139890,7.164732333333333,-75.28328283333333,Colombia,30
139891,7.2114079,-74.73208665,Colombia,20
139892,7.286170697674419,-74.35184795348837,Colombia,43
139893,7.217959364864865,-73.77998862162163,Colombia,74
140119,7.1274489999999995,39.14008716666667,Ethiopia,24
140120,7.054754066666666,39.958568866666674,Ethiopia,15
140607,7.8566084,-76.62999666666668,Colombia,15
140610,7.7572850454545454,-75.27320390909091,Colombia,22
140612,7.847683157894738,-74.14542842105263,Colombia,19
140615,7.86403595,-72.53240565000002,Colombia,20
140817,7.709836470588235,28.002885882352942,South Sudan,17
140819,7.828345235294116,29.048348,South Sudan,17
141332,8.314102,-74.39010400000001,Colombia,15
141333,8.363852,-73.83287182608696,Colombia,23
141334,8.325708375,-73.2845538125,Colombia,16
141335,8.236940149999999,-72.68045645,Colombia,20
141355,8.357516666666665,-62.64707666666667,Venezuela,21
141541,8.266486814814815,30.16683603703704,South Sudan,27
141558,8.256762068965518,38.83182731034483,Ethiopia,29
141575,8.43324211111111,47.311012000000005,Somalia,18
142052,8.558651333333334,-74.12054800000001,Colombia,15
142054,8.730925000000001,-73.19970127777778,Colombia,36
142055,8.550537176470588,-72.68431644117648,Colombia,68
142270,8.67324736111111,34.756233305555554,Ethiopia,36
142276,8.843412285714285,37.775861761904764,Ethiopia,21
142277,8.640881217391305,38.2502587826087,Ethiopia,23
142278,8.650515705882352,38.79117576470588,Ethiopia,17
142279,8.676447789473684,39.34469210526316,Ethiopia,19
142280,8.7399525,39.78353230769231,Ethiopia,26
142980,9.232999395348838,29.823710930232558,South Sudan,43
142990,9.2543322,34.59768613333333,Ethiopia,15
142991,9.213752621621621,35.12712891891892,Ethiopia,37
142992,9.18158225,35.6932374375,Ethiopia,16
142993,9.14589155,36.292620649999996,Ethiopia,20
142994,9.090700083333333,36.59748811666667,Ethiopia,60
142996,9.152208267857144,37.83522310714286,Ethiopia,56
142997,9.240924379310345,38.171149586206894,Ethiopia,29
142998,9.086554636363637,38.74428745454546,Ethiopia,22
143002,9.097252463414634,40.83376729268293,Ethiopia,41
143005,9.28463380952381,42.20507654761905,Ethiopia,42
143490,9.747539736842105,-75.13928531578948,Colombia,19
143697,9.63151680487805,28.439653682926828,Sudan,41
143704,9.562256702702703,31.68662691891892,South Sudan,37
143711,9.717273136363637,35.22131427272728,Ethiopia,22
143714,9.73010204,36.804975840000004,Ethiopia,25
143715,9.760064,37.165649375,Ethiopia,24
143717,9.696389,38.27313411764706,Ethiopia,34
143718,9.719342060606062,38.63338648484849,Ethiopia,33
143720,9.875383897435897,39.774885769230764,Ethiopia,39
144210,10.240345600000001,-75.35921132,Colombia,25
144222,10.072397111111112,-69.30023622222222,Venezuela,27
144225,10.2269425,-67.596175,Venezuela,16
144227,10.429072338983051,-66.8490685720339,Venezuela,236
144231,10.170833,-64.66250149999999,Venezuela,20
144436,10.357052133333333,37.6937692,Ethiopia,15
144438,10.132165833333334,38.675876708333334,Ethiopia,24
144440,10.282011055555556,39.9003581111111,Ethiopia,18
144931,10.921351680555555,-74.78604740277778,Colombia,72
144937,10.64552857142857,-71.66875285714285,Venezuela,21
145155,10.700853,37.23606176,Ethiopia,25
145179,10.943454142857144,49.153508333333335,Somalia,21
145847,11.276914833333333,23.223322555555555,Sudan,18
145851,11.238843472222221,25.14540988888889,Sudan,36
145856,11.262034523809524,27.785714285714285,Sudan,21
145860,11.045298032258065,29.725054322580643,Sudan,31
145862,11.188015133333332,30.560573533333333,Sudan,15
145875,11.29247955,37.288140350000006,Ethiopia,20
145880,11.240108842105263,39.649800105263154,Ethiopia,19
145899,11.284150380952381,49.18022777777777,Somalia,63
146570,11.930844904761905,24.936664619047615,Sudan,21
146581,11.844906727272727,30.235912499999998,Sudan,22
146589,11.631430352941177,34.23340970588235,Sudan,17
146595,11.59364,37.39077,Ethiopia,27
146597,11.8045105625,38.141736625,Ethiopia,16
146598,11.7172792,38.829351,Ethiopia,20
146600,11.814117076923075,39.622878307692304,Ethiopia,52
147290,12.068668458333335,24.885205652777778,Sudan,72
147300,12.058982588235295,29.65596470588235,Sudan,17
147302,12.204901823529411,30.79094911764706,Sudan,17
147320,12.255038206896552,39.63273055172414,Ethiopia,58
148007,12.889626400000001,23.4687396,Sudan,30
148009,12.78582028169014,24.21601818309859,Sudan,71
148010,12.864957959183673,24.644025367346938,Sudan,49
148035,12.607143130434782,37.40192173913044,Ethiopia,23
148039,12.77897504347826,39.24264726086956,Ethiopia,23
148040,12.759586791666665,39.606505125,Ethiopia,24
148725,13.406497951612902,22.414134435483874,Sudan,62
148728,13.08477,23.97388,Sudan,15
148729,13.175254287356323,24.29579840229885,Sudan,87
148730,13.211348976470587,24.670832235294117,Sudan,85
148731,13.305019607843137,25.155164882352942,Sudan,51
148741,13.18955128125,30.22556478125,Sudan,32
148759,13.312983791044777,39.2861243880597,Ethiopia,67
148760,13.270889863636365,39.69163618181818,Ethiopia,22
149449,13.65,24.08333,Sudan,18
149450,13.60019471875,24.85128315625,Sudan,32
149451,13.64770702030457,25.357166213197967,Sudan,197
149477,13.69891287096774,38.18532809677419,Ethiopia,31
149478,13.767608894736842,38.78522055263158,Ethiopia,38
149479,13.75617272,39.1959487,Ethiopia,50
149480,13.777527479999998,39.65700008,Ethiopia,25
150166,14.07708425,22.664151375,Sudan,16
150170,14.208803243243244,24.663646243243246,Sudan,37
150172,14.174960766666667,25.599116666666667,Sudan,30
150188,14.39200761904762,33.547787666666665,Sudan,21
150194,14.222941785714285,36.64262982142857,Ethiopia,28
150196,14.264531717948717,37.784146846153845,Ethiopia,39
150197,14.155218333333334,38.281980000000004,Ethiopia,42
150198,14.164934,38.762395294117646,Ethiopia,51
150199,14.249716130434782,39.31158272463768,Ethiopia,69
150200,14.253032347826087,39.58113304347826,Ethiopia,23
150907,14.768377390243902,33.2332822195122,Sudan,41
152345,15.637511089552238,32.43328435820896,Sudan,134
152346,15.60781636407767,32.5375977184466,Sudan,206
156455,18.574728421052633,-72.5259527368421,Haiti,19
156456,18.565743044334972,-72.31455032512315,Haiti,203
165375,24.859760676767674,67.01115983838385,Pakistan,198
167525,26.122018566666664,62.256798366666665,Pakistan,30
167527,26.011496457142858,63.10875447142857,Pakistan,70
167528,26.08329925925926,63.81744318518518,Pakistan,27
167529,26.0959728125,64.2206966875,Pakistan,16
167531,26.227996923076923,65.38715884615384,Pakistan,26
168249,26.802082919999997,64.17149744,Pakistan,25
171134,28.8307408,66.5722592,Pakistan,15
171854,29.240185999999998,66.72871406249999,Pakistan,16
171856,29.259841866666665,67.72717446666667,Pakistan,15
172574,29.80744387096774,66.77269087096775,Pakistan,31
173288,30.15106,63.879346,Afghanistan,25
173293,30.20879377419355,66.06190380645161,Afghanistan,31
173294,30.19417570588235,66.94287288235294,Pakistan,17
173295,30.192463514851486,67.01594071287128,Pakistan,101
174004,30.959629,61.862839,Afghanistan,15
174009,30.83193875,64.1245792125,Afghanistan,80
174013,30.942970671428572,66.24333052857143,Afghanistan,70
174729,31.297289594285715,64.11703381142857,Afghanistan,175
174731,31.16586996428572,65.1834125857143,Afghanistan,140
174732,31.3226711025641,65.81787533333333,Afghanistan,39
174733,31.110007074074073,66.29288748148149,Afghanistan,27
174735,31.447533,67.253177,Afghanistan,46
175443,31.724611,61.320915,Afghanistan,15
175446,31.691233949152544,62.89997489830509,Afghanistan,59
175447,31.973477218750002,63.2374516875,Afghanistan,32
175448,31.625940999999997,63.86144500000001,Afghanistan,279
175449,31.606737302013425,64.34170363758389,Afghanistan,447
175450,31.72706821688312,64.74042129480519,Afghanistan,770
175451,31.639646084905657,65.34642126415095,Afghanistan,212
175452,31.65023182073814,65.67963044991212,Afghanistan,569
175453,31.764477777777778,66.2369657037037,Afghanistan,27
175454,31.74967529,66.54771538,Afghanistan,100
175455,31.86688691891892,67.20725567567567,Afghanistan,74
175456,31.825668526315788,67.75074826315789,Afghanistan,19
175461,31.856125426470584,70.39353236764705,Pakistan,68
175462,31.82463728205128,70.76154853846154,Pakistan,39
175469,31.578501758620686,74.31938099999999,Pakistan,29
176163,32.319989871794874,61.3499938974359,Afghanistan,39
176164,32.249986,61.777404235294114,Afghanistan,17
176165,32.41714896345515,62.10662958471761,Afghanistan,301
176166,32.21352742857143,62.883410285714284,Afghanistan,35
176168,32.11836708108108,63.945788054054056,Afghanistan,37
176169,32.443175409090905,64.4598460909091,Afghanistan,44
176170,32.19418742857143,64.90869114285715,Afghanistan,357
176171,32.310348261904764,65.12465486904762,Afghanistan,84
176172,32.12764065189873,65.6125826835443,Afghanistan,158
176173,32.16004803278689,66.08155197814207,Afghanistan,183
176174,32.145991591397845,66.76598328494623,Afghanistan,186
176175,32.43296051470588,67.34600207352942,Afghanistan,136
176176,32.2950254375,67.778170125,Afghanistan,32
176177,32.26475593548387,68.31532258064516,Afghanistan,31
176178,32.384812933333336,68.93348046666667,Afghanistan,30
176179,32.300677666666665,69.34171215151514,Pakistan,33
176180,32.32389286153847,69.66895710769231,Pakistan,65
176181,32.22087617105264,70.32249475,Pakistan,76
176182,32.26031596296296,70.72376825925926,Pakistan,27
176190,32.46569886666667,74.63540213333334,Pakistan,15
176885,32.6385096484375,62.2883176484375,Afghanistan,128
176886,32.74907810344828,62.71585823448276,Afghanistan,145
176888,32.65334684210526,63.605136947368415,Afghanistan,19
176891,32.70127391826923,65.46149614423076,Afghanistan,208
176892,32.65051518617022,65.86701663297872,Afghanistan,376
176893,32.884621030612244,66.23096371428572,Afghanistan,98
176894,32.7421415974026,66.80938212121212,Afghanistan,231
176895,32.64421375,67.35828124999999,Afghanistan,48
176896,32.82858424074074,67.72727091666667,Afghanistan,216
176897,32.769058015999995,68.225476416,Afghanistan,125
176898,32.87469819512195,68.7424383902439,Afghanistan,41
176899,32.738314994594596,69.31764796216217,Afghanistan,185
176900,32.84981635797665,69.82600432684825,Pakistan,257
176901,32.88283225153374,70.16501468711657,Pakistan,163
176902,32.81533374285714,70.68028790285715,Pakistan,175
177603,33.012288,61.252023,Afghanistan,23
177605,33.27257356768559,62.27929424454149,Afghanistan,229
177612,33.220492,65.59092588461539,Afghanistan,26
177613,33.376958571428574,66.26077314285715,Afghanistan,63
177615,33.21526252,67.34781084000001,Afghanistan,25
177616,33.2109986641791,67.98780200746269,Afghanistan,134
177617,33.29996297272727,68.37584918363636,Afghanistan,550
177618,33.376008059055124,68.68416112598425,Afghanistan,254
177619,33.30453871005917,69.14291959763314,Afghanistan,169
177620,33.321325902255644,69.83109732330828,Afghanistan,133
177621,33.191754574074075,70.19516632098765,Pakistan,162
177622,33.212921542857146,70.67185948571428,Pakistan,35
177629,33.34032822222222,74.10805480555555,Pakistan,36
178325,33.697399142857144,62.10883030612246,Afghanistan,49
178327,33.83150927272727,63.27565218181819,Afghanistan,22
178331,33.59301152173913,65.08604613043478,Afghanistan,23
178333,33.62605769565217,66.07566395652174,Afghanistan,23
178337,33.586592625,68.35680589880953,Afghanistan,336
178338,33.85566482712766,68.79197873404256,Afghanistan,376
178339,33.80208876060606,69.19015279999999,Afghanistan,330
178340,33.73725853883495,69.79585596116505,Afghanistan,206
178341,33.70762286486486,70.20748990540541,Pakistan,74
178342,33.80653292307692,70.76180895604396,Pakistan,182
178343,33.839324394366194,71.2274347887324,Pakistan,142
178344,33.87346588888889,71.59847319444445,Pakistan,36
178347,33.65093125,73.0607,Pakistan,16
178348,33.7378736,73.90807686666668,Pakistan,15
178349,33.8498758125,74.104218125,Pakistan,16
179043,34.21081916666667,61.19022095238095,Afghanistan,42
179044,34.32469651612903,61.65002651612903,Afghanistan,31
179045,34.292742626794265,62.18892020574163,Afghanistan,209
179046,34.20937434939759,62.74705755421687,Afghanistan,83
179047,34.363231192307694,63.229855012820515,Afghanistan,78
179048,34.3763989375,63.8590094375,Afghanistan,48
179049,34.218032419354834,64.31811580645162,Afghanistan,31
179050,34.155862423076925,64.83282600000001,Afghanistan,26
179057,34.13685340506329,68.44446084810127,Afghanistan,79
179058,34.272936225108225,68.79224601731602,Afghanistan,231
179059,34.21167903982301,69.17696570353982,Afghanistan,226
179060,34.236496372384934,69.85024447698744,Afghanistan,239
179061,34.23902615935542,70.3174131557744,Afghanistan,1117
179062,34.143916850094875,70.69990556736242,Afghanistan,1054
179063,34.18797276984127,71.1711819920635,Afghanistan,126
179064,34.06321204794521,71.62521447260274,Pakistan,146
179065,34.233126580000004,72.28481602,Pakistan,50
179763,34.635842976744186,61.160805209302325,Afghanistan,43
179765,34.642563540540536,62.24155935135135,Afghanistan,37
179766,34.81923108163265,62.79601543877551,Afghanistan,98
179767,34.87793746621621,63.19670587162162,Afghanistan,148
179768,34.828930409090916,63.604013196969696,Afghanistan,66
179770,34.57203254545454,64.93932236363636,Afghanistan,22
179771,34.59290725531915,65.29023465957447,Afghanistan,94
179772,34.623893260869565,65.72685236956522,Afghanistan,46
179778,34.58266413095238,68.76307111904762,Afghanistan,84
179779,34.58498692441861,69.17560652180232,Afghanistan,688
179780,34.8076811632653,69.70539640306123,Afghanistan,196
179781,34.76183734158416,70.21815448762376,Afghanistan,404
179782,34.82516678318584,70.8183915619469,Afghanistan,226
179783,34.84239130672269,71.23244599579832,Afghanistan,238
179784,34.78073865789474,71.73750107894736,Pakistan,38
179785,34.78273216,72.34998932,Pakistan,25
180484,35.13410611627907,61.62822469767441,Afghanistan,43
180485,35.06940007894737,62.25718281578947,Afghanistan,38
180487,35.27041677245509,63.26365360479041,Afghanistan,167
180489,35.035859,64.28992222580645,Afghanistan,31
180490,35.355581414634145,64.81404782926829,Afghanistan,41
180491,35.125140124999994,65.12319245833334,Afghanistan,24
180497,35.30833808,68.33450844,Afghanistan,25
180498,35.071795276923076,68.86975396923076,Afghanistan,65
180499,35.10618976470589,69.29527776470589,Afghanistan,136
180500,35.15078641428571,69.68159211428572,Afghanistan,140
180501,35.111215449999996,70.42294335,Afghanistan,20
180502,35.15217988888889,70.87560561111111,Afghanistan,18
180503,35.20620599497487,71.30529289447236,Afghanistan,199
180504,35.256284232558144,71.58235069767441,Afghanistan,43
180505,35.2274205,72.295109125,Pakistan,16
181207,35.66184113333333,63.2721186,Afghanistan,45
181208,35.733284918367346,63.81405755102041,Afghanistan,49
181209,35.735160466911765,64.26580263235294,Afghanistan,272
181210,35.83683235426009,64.73071939910314,Afghanistan,223
181211,35.79663607692307,65.3050651602564,Afghanistan,156
181212,35.84806806666667,65.8218056,Afghanistan,15
181213,35.885179192982456,66.32716256140351,Afghanistan,57
181214,35.89431339344262,66.78323283606558,Afghanistan,61
181215,35.823749655172406,67.32113965517242,Afghanistan,29
181216,35.62650626666667,67.87302226666667,Afghanistan,15
181217,35.82876561111111,68.40470833333333,Afghanistan,36
181218,35.914462426395936,68.69130864467004,Afghanistan,197
181219,35.80686974242425,69.20417327272727,Afghanistan,66
181220,35.81757055172414,69.67016427586208,Afghanistan,29
181930,36.18952676433121,64.86568436624204,Afghanistan,314
181931,36.12838194303797,65.38891807594936,Afghanistan,158
181932,36.22418304285714,65.81705028571429,Afghanistan,140
181933,36.11279104761905,66.15516207142858,Afghanistan,84
181934,36.264435080645164,66.82054751612904,Afghanistan,62
181935,36.152374071428575,67.32015133333334,Afghanistan,42
181936,36.401084347826085,67.8570806521739,Afghanistan,23
181937,36.24762507692307,68.09401734615385,Afghanistan,26
181938,36.189854887323946,68.66186679577466,Afghanistan,284
181939,36.29172529906542,69.26355581308411,Afghanistan,107
181940,36.37877757142857,69.74494894285714,Afghanistan,35
181941,36.356910695652175,70.25726086956521,Afghanistan,23
181942,36.36260694736842,70.78348457894737,Afghanistan,19
182650,36.73887488888889,64.95159022222222,Afghanistan,18
182651,36.664732747474744,65.11362276767677,Afghanistan,99
182652,36.64540985294118,65.75082089705882,Afghanistan,68
182653,36.819252350574715,66.26086798275863,Afghanistan,174
182654,36.72010241131105,66.71476603598971,Afghanistan,389
182655,36.71930629166666,67.10469498958334,Afghanistan,96
182657,36.92367059574468,68.36255559574468,Afghanistan,47
182658,36.71248375265017,68.7993820441696,Afghanistan,566
182659,36.783060095375724,69.17843218208093,Afghanistan,346
182660,36.73196152083333,69.57918589583333,Afghanistan,96
182661,36.76808666666666,70.32917869230769,Afghanistan,39
182662,36.80391348314607,70.85358849438202,Afghanistan,89
182663,36.781816375,71.16307115,Afghanistan,80
183372,37.169571034482765,65.90618103448276,Afghanistan,29
183373,37.22080682051282,66.16201915384616,Afghanistan,39
183374,37.11622546268657,66.80393359701492,Afghanistan,67
183378,37.131239946601944,68.87226905339806,Afghanistan,206
183379,37.12517966086957,69.35029267826087,Afghanistan,230
183380,37.37049206802721,69.63138968707483,Afghanistan,147
183381,37.20933527906977,70.33542660465116,Afghanistan,43
183382,37.15340325242719,70.72964586407767,Afghanistan,103
184102,37.66240996875,70.6541625625,Afghanistan,32
184822,38.32804054545454,70.86098172727272,Afghanistan,22
186982,39.91659861111111,70.54574727777778,Kyrgyzstan,18
187700,40.17067686666667,69.73048213333333,Kyrgyzstan,15
