week,n_events,n_material_conflict,n_verbal_conflict,n_material_coop,n_verbal_coop,mean_goldstein,mean_tone,total_mentions,country,region,distinct_actors,material_conflict_share,baseline_mean_share,baseline_std_share,baseline_mean_goldstein,escalation_next_1w,label_1w_ahead,label_2w_ahead,n_events_lag1,n_events_lag2,n_events_delta,material_conflict_share_lag1,material_conflict_share_lag2,material_conflict_share_delta,mean_goldstein_lag1,mean_goldstein_lag2,mean_goldstein_delta,distinct_actors_lag1,distinct_actors_lag2,distinct_actors_delta,mean_tone_lag1,mean_tone_lag2,mean_tone_delta
2026-01-26,2,1,1,0,0,-3.5,-9.933232552280135,7,AF,Central/SE Asia,3,0.5,,,,0,0,0,,,,,,,,,,,,,,,
2026-02-02,2262,503,332,282,1145,-0.5608753315649868,-4.85279808704557,31369,AF,Central/SE Asia,201,0.22236958443854996,,,,0,0,0,2.0,,2260.0,0.5,,-0.2776304155614501,-3.5,,2.939124668435013,3.0,,198.0,-9.933232552280135,,5.080434465234565
2026-02-09,2251,416,312,222,1301,-0.10422034651266106,-4.020454389814012,30718,AF,Central/SE Asia,192,0.18480675255442025,,,,0,0,0,2262.0,2.0,-11.0,0.22236958443854996,0.5,-0.037562831884129705,-0.5608753315649868,-3.5,0.45665498505232577,201.0,3.0,-9.0,-4.85279808704557,-9.933232552280135,0.8323436972315577
2026-02-16,2481,552,421,226,1282,-1.0371221281741232,-4.626703725701834,35906,AF,Central/SE Asia,186,0.22249093107617895,,,,0,0,0,2251.0,2262.0,230.0,0.18480675255442025,0.22236958443854996,0.037684178521758704,-0.10422034651266106,-0.5608753315649868,-0.9329017816614621,192.0,201.0,-6.0,-4.020454389814012,-4.85279808704557,-0.6062493358878216
2026-02-23,7884,2567,1441,413,3463,-2.3946727549467273,-5.883419991021966,123571,AF,Central/SE Asia,248,0.32559614408929477,0.28241681701728727,0.14613572247232526,-1.3005544515629428,0,0,0,2481.0,2251.0,5403.0,0.22249093107617895,0.18480675255442025,0.10310521301311582,-1.0371221281741232,-0.10422034651266106,-1.357550626772604,186.0,192.0,62.0,-4.626703725701834,-4.020454389814012,-1.256716265320132
2026-03-02,4526,1381,728,389,2028,-1.8047282368537338,-5.309286358424111,45526,AF,Central/SE Asia,260,0.3051259390190013,0.29105268243168875,0.12802198207401583,-1.5193781122396997,0,0,0,7884.0,2481.0,-3358.0,0.32559614408929477,0.22249093107617895,-0.020470205070293457,-2.3946727549467273,-1.0371221281741232,0.5899445180929934,248.0,186.0,12.0,-5.883419991021966,-4.626703725701834,0.5741336325978548
2026-03-09,3887,1018,639,374,1856,-1.2093645484949833,-4.970328813216134,52004,AF,Central/SE Asia,242,0.26189863648057626,0.29339822519624087,0.11465038918594983,-1.5669364663420389,0,0,0,4526.0,7884.0,-639.0,0.3051259390190013,0.32559614408929477,-0.04322730253842505,-1.8047282368537338,-2.3946727549467273,0.5953636883587505,260.0,248.0,-18.0,-5.309286358424111,-5.883419991021966,0.33895754520797716
2026-03-16,4894,1095,1013,474,2312,-1.2463833265222721,-5.340687430310934,72266,AF,Central/SE Asia,251,0.22374335921536576,0.2888982839511459,0.10533599930163136,-1.5158547637924593,0,0,0,3887.0,4526.0,1007.0,0.26189863648057626,0.3051259390190013,-0.03815527726521051,-1.2093645484949833,-1.8047282368537338,-0.03701877802728881,242.0,260.0,9.0,-4.970328813216134,-5.309286358424111,-0.37035861709480056
2026-03-23,2778,528,339,430,1481,0.30536357091432687,-3.3082313744664353,33693,AF,Central/SE Asia,200,0.1900647948164147,0.2807539183591734,0.1002058988735545,-1.4821708341336859,0,0,0,4894.0,3887.0,-2116.0,0.22374335921536576,0.26189863648057626,-0.03367856439895106,-1.2463833265222721,-1.2093645484949833,1.5517468974365989,251.0,242.0,-51.0,-5.340687430310934,-4.970328813216134,2.032456055844499
2026-03-30,2430,562,271,265,1332,-0.3181481481481482,-4.267324878197826,27588,AF,Central/SE Asia,197,0.23127572016460907,0.2706773490766447,0.09848809387167222,-1.2835559002394623,0,0,0,2778.0,4894.0,-348.0,0.1900647948164147,0.22374335921536576,0.04121092534819437,0.30536357091432687,-1.2463833265222721,-0.623511719062475,200.0,251.0,-3.0,-3.3082313744664353,-5.340687430310934,-0.9590935037313906
2026-04-06,2360,676,267,291,1126,-0.9070338983050847,-5.517355012239106,28826,AF,Central/SE Asia,194,0.2864406779661017,0.2667371861854411,0.09368770617834085,-1.187015125030331,0,0,0,2430.0,2778.0,-70.0,0.23127572016460907,0.1900647948164147,0.05516495780149261,-0.3181481481481482,0.30536357091432687,-0.5888857501569366,197.0,200.0,-3.0,-4.267324878197826,-3.3082313744664353,-1.25003013404128
2026-04-13,1699,387,196,237,879,-0.3017068864037669,-4.297380913176852,25358,AF,Central/SE Asia,177,0.22778104767510302,0.26852841271095573,0.08907828622726187,-1.1615622862371267,0,0,0,2360.0,2430.0,-661.0,0.2864406779661017,0.23127572016460907,-0.05865963029099866,-0.9070338983050847,-0.3181481481481482,0.6053270119013179,194.0,197.0,-17.0,-5.517355012239106,-4.267324878197826,1.219974099062254
2026-04-20,2447,467,328,287,1365,0.004660670482420273,-3.7303180589722897,20786,AF,Central/SE Asia,212,0.19084593379648548,0.265132798957968,0.08574348436211093,-1.0899076695843466,0,0,0,1699.0,2360.0,748.0,0.22778104767510302,0.2864406779661017,-0.03693511387861753,-0.3017068864037669,-0.9070338983050847,0.30636755688618716,177.0,194.0,35.0,-4.297380913176852,-5.517355012239106,0.5670628542045622
2026-04-27,2648,622,369,191,1466,-0.737726586102719,-4.5516916644501615,27767,AF,Central/SE Asia,200,0.2348942598187311,0.259418424714777,0.08463915150150927,-1.0057101049638262,0,0,0,2447.0,1699.0,201.0,0.19084593379648548,0.22778104767510302,0.04404832602224562,0.004660670482420273,-0.3017068864037669,-0.7423872565851393,212.0,177.0,-12.0,-3.7303180589722897,-4.297380913176852,-0.8213736054778717
2026-05-04,1423,310,169,156,788,-0.231693605059733,-4.586348000910499,10903,AF,Central/SE Asia,158,0.21784961349262122,0.25766669865077374,0.08158238245325887,-0.9865684250451757,0,0,0,2648.0,2447.0,-1225.0,0.2348942598187311,0.19084593379648548,-0.017044646326109886,-0.737726586102719,0.004660670482420273,0.506032981042986,200.0,212.0,-42.0,-4.5516916644501615,-3.7303180589722897,-0.03465633646033783
2026-05-11,2108,386,329,211,1182,-0.23221062618595828,-4.138460504794674,16500,AF,Central/SE Asia,186,0.18311195445920303,0.2550122263068969,0.07928412449938371,-0.9362434370461462,0,0,0,1423.0,2648.0,685.0,0.21784961349262122,0.2348942598187311,-0.03473765903341819,-0.231693605059733,-0.737726586102719,-0.0005170211262252866,158.0,200.0,28.0,-4.586348000910499,-4.5516916644501615,0.44788749611582546
2026-05-18,1839,402,225,218,994,-0.28836324089178905,-3.6574197255440493,23208,AF,Central/SE Asia,193,0.21859706362153344,0.25051845931641603,0.07867662066561214,-0.8922413863673844,0,0,0,2108.0,1423.0,-269.0,0.18311195445920303,0.21784961349262122,0.035485109162330414,-0.23221062618595828,-0.231693605059733,-0.05615261470583077,186.0,158.0,7.0,-4.138460504794674,-4.586348000910499,0.4810407792506246
2026-05-25,1884,358,202,219,1105,0.15164543524416135,-3.369960752494986,18485,AF,Central/SE Asia,187,0.19002123142250532,0.24864073015789354,0.07657071705213163,-0.8567191425158789,0,0,0,1839.0,2108.0,45.0,0.21859706362153344,0.18311195445920303,-0.028575832199028123,-0.28836324089178905,-0.23221062618595828,0.4400086761359504,193.0,186.0,-6.0,-3.6574197255440493,-4.138460504794674,0.2874589730490631
2026-06-01,1724,320,222,176,1006,0.055974477958236644,-3.0218986871343643,14499,AF,Central/SE Asia,177,0.18561484918793503,0.24538409133926084,0.0755585236578124,-0.8006988881958765,0,0,0,1884.0,1839.0,-160.0,0.19002123142250532,0.21859706362153344,-0.004406382234570294,0.15164543524416135,-0.28836324089178905,-0.0956709572859247,187.0,193.0,-10.0,-3.369960752494986,-3.6574197255440493,0.3480620653606219
2026-06-08,2632,722,407,273,1230,-1.351709726443769,-5.072538434021112,28379,AF,Central/SE Asia,200,0.2743161094224924,0.24223834175234896,0.07469898173240815,-0.7556108162930285,0,0,0,1724.0,1884.0,908.0,0.18561484918793503,0.19002123142250532,0.08870126023455738,0.055974477958236644,0.15164543524416135,-1.4076842044020057,177.0,187.0,23.0,-3.0218986871343643,-3.369960752494986,-2.050639746886748
2026-06-15,1980,369,229,225,1157,0.1796464646464646,-3.8675645746870533,16645,AF,Central/SE Asia,194,0.18636363636363637,0.24384223013585613,0.07305960641948116,-0.7854157618005655,0,0,0,2632.0,1724.0,-652.0,0.2743161094224924,0.18561484918793503,-0.08795247305885603,-1.351709726443769,0.055974477958236644,1.5313561910902336,200.0,177.0,-6.0,-5.072538434021112,-3.0218986871343643,1.2049738593340589
2026-06-22,2568,458,288,351,1471,0.40202492211838003,-3.255969957276442,36148,AF,Central/SE Asia,210,0.17834890965732086,0.2411051542419409,0.07230590611486108,-0.7394604176840402,0,0,0,1980.0,2632.0,588.0,0.18636363636363637,0.2743161094224924,-0.008014726706315506,0.1796464646464646,-1.351709726443769,0.22237845747191543,194.0,200.0,16.0,-3.8675645746870533,-5.072538434021112,0.6115946174106113
2026-06-29,2689,754,445,223,1267,-1.504313871327631,-5.174970486020228,28402,AF,Central/SE Asia,193,0.28040163629602083,0.23825259766991272,0.07182061372689369,-0.6875747204202939,0,0,0,2568.0,1980.0,121.0,0.17834890965732086,0.18636363636363637,0.10205272663869996,0.40202492211838003,0.1796464646464646,-1.906338793446011,210.0,194.0,-17.0,-3.255969957276442,-3.8675645746870533,-1.9190005287437857
2026-07-06,1710,276,163,172,1099,0.42093567251461983,-2.9571537609945504,14482,AF,Central/SE Asia,176,0.16140350877192983,0.2400851645667,0.07071759206437978,-0.7230851182858303,0,0,0,2689.0,2568.0,-979.0,0.28040163629602083,0.17834890965732086,-0.118998127524091,-1.504313871327631,0.40202492211838003,1.9252495438422508,193.0,210.0,-17.0,-5.174970486020228,-3.255969957276442,2.2178167250256773
2026-07-13,1818,339,229,237,1013,0.030033003300330027,-3.270511186981525,14761,AF,Central/SE Asia,177,0.18646864686468648,0.23680676224191796,0.07100347971809123,-0.6754175853358116,0,0,0,1710.0,2689.0,108.0,0.16140350877192983,0.28040163629602083,0.02506513809275665,0.42093567251461983,-1.504313871327631,-0.3909026692142898,176.0,193.0,1.0,-2.9571537609945504,-5.174970486020228,-0.31335742598697447
2026-07-20,1588,312,234,243,799,-0.4005037783375315,-4.305527034946141,19534,AF,Central/SE Asia,174,0.1964735516372796,0.23479323762682866,0.07023381600741503,-0.6471995617903659,0,0,,1818.0,1710.0,-230.0,0.18646864686468648,0.16140350877192983,0.01000490477259311,0.030033003300330027,0.42093567251461983,-0.4305367816378615,177.0,176.0,-3.0,-3.270511186981525,-2.9571537609945504,-1.0350158479646159
2026-07-27,1759,403,252,168,936,-0.8122228538942581,-4.993278516329006,18756,AF,Central/SE Asia,161,0.22910744741330302,0.23331940355030756,0.0692239424876818,-0.6377112624267954,0,,,1588.0,1818.0,171.0,0.1964735516372796,0.18646864686468648,0.032633895776023436,-0.4005037783375315,0.030033003300330027,-0.4117190755567266,174.0,177.0,-13.0,-4.305527034946141,-3.270511186981525,-0.6877514813828656
2026-02-02,200,34,26,18,122,0.005999999999999981,-0.9268111212094031,1242,BM,Central/SE Asia,55,0.17,,,,0,0,0,,,,,,,,,,,,,,,
2026-02-09,200,45,18,15,122,-0.467,-1.5901794868072583,1306,BM,Central/SE Asia,44,0.225,,,,0,0,0,200.0,,0.0,0.17,,0.05499999999999999,0.005999999999999981,,-0.47300000000000003,55.0,,-11.0,-0.9268111212094031,,-0.6633683655978552
2026-02-16,258,48,27,50,133,0.2837209302325582,-3.4623757331716014,2188,BM,Central/SE Asia,64,0.18604651162790697,,,,0,0,0,200.0,200.0,58.0,0.225,0.17,-0.03895348837209303,-0.467,0.005999999999999981,0.7507209302325581,44.0,55.0,20.0,-1.5901794868072583,-0.9268111212094031,-1.8721962463643431
2026-02-23,405,111,44,52,198,-0.9797530864197531,-3.9689240938408408,4001,BM,Central/SE Asia,59,0.2740740740740741,,,,0,0,1,258.0,200.0,147.0,0.18604651162790697,0.225,0.0880275624461671,0.2837209302325582,-0.467,-1.2634740166523113,64.0,44.0,-5.0,-3.4623757331716014,-1.5901794868072583,-0.5065483606692394
2026-03-02,267,62,28,50,127,-0.3853932584269663,-3.2848905423547783,1781,BM,Central/SE Asia,64,0.23220973782771537,0.21378014642549525,0.046357662242068776,-0.28925803904679875,0,1,1,405.0,258.0,-138.0,0.2740740740740741,0.18604651162790697,-0.04186433624635871,-0.9797530864197531,0.2837209302325582,0.5943598279927869,59.0,64.0,5.0,-3.9689240938408408,-3.4623757331716014,0.6840335514860625
2026-03-09,174,51,14,24,85,-1.617816091954023,-3.1048505303055163,931,BM,Central/SE Asia,46,0.29310344827586204,0.2174660647059393,0.04098419944640683,-0.3084850829228322,1,1,0,267.0,405.0,-93.0,0.23220973782771537,0.2740740740740741,0.060893710448146676,-0.3853932584269663,-0.9797530864197531,-1.2324228335270566,64.0,59.0,-18.0,-3.2848905423547783,-3.9689240938408408,0.180040012049262
2026-03-16,228,64,29,23,112,-1.2000000000000002,-3.476419627612581,1563,BM,Central/SE Asia,61,0.2807017543859649,0.23007229530092643,0.04792980265236045,-0.526706917761364,1,0,0,174.0,267.0,54.0,0.29310344827586204,0.23220973782771537,-0.012401693889897147,-1.617816091954023,-0.3853932584269663,0.4178160919540228,46.0,64.0,15.0,-3.1048505303055163,-3.2848905423547783,-0.37156909730706467
2026-03-23,193,39,18,22,114,-0.015025906735751316,-2.06970819952407,1374,BM,Central/SE Asia,66,0.20207253886010362,0.23730507517021765,0.04775541907513623,-0.6228916437954549,0,0,0,228.0,174.0,-35.0,0.2807017543859649,0.29310344827586204,-0.07862921552586127,-1.2000000000000002,-1.617816091954023,1.184974093264249,61.0,46.0,5.0,-3.476419627612581,-3.1048505303055163,1.406711428088511
2026-03-30,188,35,18,32,103,0.31436170212765957,-1.311974722142696,1786,BM,Central/SE Asia,49,0.18617021276595744,0.23290100813145337,0.04593418501234655,-0.546908426662992,0,0,0,193.0,228.0,-5.0,0.20207253886010362,0.2807017543859649,-0.015902326094146185,-0.015025906735751316,-1.2000000000000002,0.3293876088634109,66.0,61.0,-17.0,-2.06970819952407,-3.476419627612581,0.757733477381374
2026-04-06,373,29,8,54,282,1.7340482573726541,-0.39821382736472744,3391,BM,Central/SE Asia,48,0.0777479892761394,0.22770869753528716,0.04570390013552959,-0.4512117456862529,0,0,1,188.0,193.0,185.0,0.18617021276595744,0.20207253886010362,-0.10842222348981803,0.31436170212765957,-0.015025906735751316,1.4196865552449944,49.0,66.0,-1.0,-1.311974722142696,-2.06970819952407,0.9137608947779686
2026-04-13,425,82,33,103,207,0.9263529411764706,-3.3714953883769216,4804,BM,Central/SE Asia,65,0.19294117647058823,0.21271262670937235,0.06407475193537138,-0.23268574538036219,0,1,0,373.0,188.0,52.0,0.0777479892761394,0.18617021276595744,0.11519318719444882,1.7340482573726541,0.31436170212765957,-0.8076953161961835,48.0,49.0,17.0,-0.39821382736472744,-1.311974722142696,-2.973281561012194
2026-04-20,242,75,22,21,124,-1.3148760330578513,-3.9561174178699847,2588,BM,Central/SE Asia,63,0.30991735537190085,0.2109152221422102,0.0610782592006358,-0.12731859205701376,1,0,0,425.0,373.0,-183.0,0.19294117647058823,0.0777479892761394,0.11697617890131262,0.9263529411764706,1.7340482573726541,-2.241228974234322,65.0,48.0,-2.0,-3.3714953883769216,-0.39821382736472744,-0.5846220294930631
2026-04-27,353,90,43,52,168,-0.2144475920679887,-2.327084497015121,5148,BM,Central/SE Asia,55,0.254957507082153,0.2191653999113511,0.0648706227496215,-0.2262817121404169,0,0,0,242.0,425.0,111.0,0.30991735537190085,0.19294117647058823,-0.05495984828974787,-1.3148760330578513,0.9263529411764706,1.1004284409898626,63.0,65.0,-8.0,-3.9561174178699847,-3.3714953883769216,1.6290329208548635
2026-05-04,580,138,43,89,310,-0.3531034482758621,-1.671908330322825,8999,BM,Central/SE Asia,77,0.23793103448275862,0.22191863892448968,0.0628972080494979,-0.22537139521176858,0,0,0,353.0,242.0,227.0,0.254957507082153,0.30991735537190085,-0.017026472599394354,-0.2144475920679887,-1.3148760330578513,-0.1386558562078734,55.0,63.0,22.0,-2.327084497015121,-3.9561174178699847,0.6551761666922962
2026-05-11,321,73,18,51,179,-0.2781931464174455,-2.302225634600616,3332,BM,Central/SE Asia,71,0.22741433021806853,0.22306238146436602,0.060581025284395296,-0.23449511328777525,0,0,1,580.0,353.0,-259.0,0.23793103448275862,0.254957507082153,-0.010516704264690091,-0.3531034482758621,-0.2144475920679887,0.07491030185841657,77.0,55.0,-6.0,-1.671908330322825,-2.327084497015121,-0.630317304277791
2026-05-18,422,101,37,46,238,-0.3191943127962085,-3.853543907115522,3367,BM,Central/SE Asia,68,0.23933649289099526,0.2233525113812795,0.05838815006124076,-0.23740831549641994,0,1,0,321.0,580.0,101.0,0.22741433021806853,0.23793103448275862,0.011922162672926728,-0.2781931464174455,-0.3531034482758621,-0.041001166378763,71.0,77.0,-3.0,-2.302225634600616,-1.671908330322825,-1.551318272514906
2026-05-25,281,89,14,18,160,-0.898220640569395,-2.0801237588696573,1467,BM,Central/SE Asia,35,0.3167259786476868,0.22435151022563676,0.0565496741115762,-0.24251994032765672,1,0,1,422.0,321.0,-141.0,0.23933649289099526,0.22741433021806853,0.07738948575669155,-0.3191943127962085,-0.2781931464174455,-0.5790263277731864,68.0,71.0,-33.0,-3.853543907115522,-2.302225634600616,1.7734201482458647
2026-06-01,609,108,37,40,424,0.22495894909688013,-1.1691998610855616,9820,BM,Central/SE Asia,75,0.17733990147783252,0.22978530248575735,0.059160313648907566,-0.28109056975364133,0,1,0,281.0,422.0,328.0,0.3167259786476868,0.23933649289099526,-0.1393860771698543,-0.898220640569395,-0.3191943127962085,1.123179589666275,35.0,68.0,40.0,-2.0801237588696573,-3.853543907115522,0.9109238977840957
2026-06-08,414,120,39,48,207,-0.8753623188405798,-4.098985124678536,4930,BM,Central/SE Asia,71,0.2898550724637681,0.2268716690964282,0.05871005364951034,-0.252976707595279,1,0,1,609.0,281.0,-195.0,0.17733990147783252,0.3167259786476868,0.11251517098593561,0.22495894909688013,-0.898220640569395,-1.1003212679374599,75.0,35.0,-4.0,-1.1691998610855616,-2.0801237588696573,-2.929785263592974
2026-06-15,273,40,21,28,184,0.7608058608058608,-1.4233348217751445,5071,BM,Central/SE Asia,57,0.14652014652014653,0.2301865850631303,0.05885713456340036,-0.2857338450292422,0,1,0,414.0,609.0,-141.0,0.2898550724637681,0.17733990147783252,-0.1433349259436216,-0.8753623188405798,0.22495894909688013,1.6361681796464405,71.0,75.0,-14.0,-4.098985124678536,-1.1691998610855616,2.6756503029033913
2026-06-22,224,83,27,19,95,-2.1245535714285713,-4.204783946475188,1374,BM,Central/SE Asia,61,0.3705357142857143,0.22600326313598113,0.06026476254775101,-0.23340685973748707,1,0,0,273.0,414.0,-49.0,0.14652014652014653,0.2898550724637681,0.22401556776556777,0.7608058608058608,-0.8753623188405798,-2.885359432234432,57.0,71.0,4.0,-1.4233348217751445,-4.098985124678536,-2.7814491247000435
2026-06-29,249,53,34,25,137,-0.8369477911646587,-3.818731957039056,1708,BM,Central/SE Asia,50,0.21285140562248997,0.2328857608097779,0.06667078658240176,-0.3234614650561101,0,0,0,224.0,273.0,25.0,0.3705357142857143,0.14652014652014653,-0.15768430866322433,-2.1245535714285713,0.7608058608058608,1.2876057802639127,61.0,57.0,-11.0,-4.204783946475188,-1.4233348217751445,0.38605198943613184
2026-07-06,263,48,72,19,124,-0.7323193916349809,-2.8735857010933823,1523,BM,Central/SE Asia,49,0.18250950570342206,0.23197510830126483,0.06520407769979024,-0.3468017526064987,0,0,0,249.0,224.0,14.0,0.21285140562248997,0.3705357142857143,-0.03034189991906791,-0.8369477911646587,-2.1245535714285713,0.10462839952967773,50.0,61.0,-1.0,-3.818731957039056,-4.204783946475188,0.9451462559456738
2026-07-13,274,40,26,26,182,0.4350364963503649,-0.46670511544446486,1578,BM,Central/SE Asia,58,0.145985401459854,0.22982442992744562,0.06453451083824646,-0.36356338908599795,0,0,1,263.0,249.0,11.0,0.18250950570342206,0.21285140562248997,-0.036524104243568056,-0.7323193916349809,-0.8369477911646587,1.1673558879853458,49.0,50.0,9.0,-2.8735857010933823,-3.818731957039056,2.4068805856489175
2026-07-20,296,48,34,25,189,-0.014189189189189207,-2.205334441215607,1747,BM,Central/SE Asia,68,0.16216216216216217,0.22633113707462926,0.06539497932342435,-0.3302883938594828,0,1,,274.0,263.0,22.0,0.145985401459854,0.18250950570342206,0.01617676070230817,0.4350364963503649,-0.7323193916349809,-0.4492256855395541,58.0,49.0,10.0,-0.46670511544446486,-2.8735857010933823,-1.738629325771142
2026-07-27,233,73,32,23,105,-1.8892703862660944,-3.618226946918302,2597,BM,Central/SE Asia,50,0.3133047210300429,0.22376437807813057,0.0652918216624472,-0.3176444256726711,1,,,296.0,274.0,-63.0,0.16216216216216217,0.145985401459854,0.15114255886788075,-0.014189189189189207,0.4350364963503649,-1.8750811970769052,68.0,58.0,-18.0,-2.205334441215607,-0.46670511544446486,-1.412892505702695
2026-02-02,1789,261,227,117,1184,0.4615986584684181,-2.8079135809213143,15586,CO,South America,143,0.14589155953046395,,,,0,0,0,,,,,,,,,,,,,,,
2026-02-09,874,171,123,139,441,0.18764302059496568,-3.427795156926538,6330,CO,South America,111,0.1956521739130435,,,,0,0,0,1789.0,,-915.0,0.14589155953046395,,0.04976061438257953,0.4615986584684181,,-0.2739556378734524,143.0,,-32.0,-2.8079135809213143,,-0.6198815760052239
2026-02-16,823,110,77,66,570,1.0142162818955043,-2.973192178247314,10525,CO,South America,114,0.1336573511543135,,,,0,0,1,874.0,1789.0,-51.0,0.1956521739130435,0.14589155953046395,-0.06199482275873,0.18764302059496568,0.4615986584684181,0.8265732613005385,111.0,143.0,3.0,-3.427795156926538,-2.8079135809213143,0.4546029786792243
2026-02-23,1091,162,103,120,706,0.35325389550870756,-2.9798686039433204,24068,CO,South America,154,0.14848762603116408,,,,0,1,1,823.0,874.0,268.0,0.1336573511543135,0.1956521739130435,0.014830274876850597,1.0142162818955043,0.18764302059496568,-0.6609623863867967,114.0,111.0,40.0,-2.973192178247314,-3.427795156926538,-0.0066764256960065715
2026-03-02,907,173,135,102,497,-0.028335170893054026,-2.779069827875534,17951,CO,South America,133,0.19073869900771775,0.15592217765724625,0.02726463496654946,0.5041779641168989,1,1,0,1091.0,823.0,-184.0,0.14848762603116408,0.1336573511543135,0.04225107297655367,0.35325389550870756,1.0142162818955043,-0.3815890664017616,154.0,114.0,-21.0,-2.9798686039433204,-2.973192178247314,0.2007987760677863
2026-03-09,1037,199,118,128,592,0.18052073288331727,-2.9417962197894054,8893,CO,South America,129,0.1918997107039537,0.16288548192734056,0.028283533578461535,0.3976753371149083,1,0,0,907.0,1091.0,130.0,0.19073869900771775,0.14848762603116408,0.0011610116962359474,-0.028335170893054026,0.35325389550870756,0.2088559037763713,133.0,154.0,-4.0,-2.779069827875534,-2.9798686039433204,-0.16272639191387128
2026-03-16,1255,210,208,153,684,-0.02657004830917876,-4.4429945096601235,10979,CO,South America,128,0.16733067729083664,0.16772118672344274,0.027933328884997638,0.3614829030763098,0,0,0,1037.0,907.0,218.0,0.1918997107039537,0.19073869900771775,-0.02456903341311706,0.18052073288331727,-0.028335170893054026,-0.20709078119249602,129.0,133.0,-1.0,-2.9417962197894054,-2.779069827875534,-1.5011982898707181
2026-03-23,1406,258,166,224,758,0.021977240398293022,-4.314080212833888,19071,CO,South America,123,0.18349928876244664,0.16766539966164187,0.025499951062797226,0.3060467671640971,0,0,0,1255.0,1037.0,151.0,0.16733067729083664,0.1918997107039537,0.01616861147161,-0.02657004830917876,0.18052073288331727,0.048547288707471783,128.0,129.0,-5.0,-4.4429945096601235,-2.9417962197894054,0.12891429682623556
2026-03-30,672,87,67,60,458,0.7398809523809524,-1.6727490429399106,3179,CO,South America,101,0.12946428571428573,0.16964463579924247,0.024263017312597467,0.2705380763183716,0,0,0,1406.0,1255.0,-734.0,0.18349928876244664,0.16733067729083664,-0.05403500304816092,0.021977240398293022,-0.02657004830917876,0.7179037119826593,123.0,128.0,-22.0,-4.314080212833888,-4.4429945096601235,2.641331169893977
2026-04-06,563,85,80,75,323,0.5850799289520426,-3.0017814642166627,2889,CO,South America,98,0.15097690941385436,0.1651801524564695,0.026353211599984445,0.3226872847697695,0,0,0,672.0,1406.0,-109.0,0.12946428571428573,0.18349928876244664,0.021512623699568634,0.7398809523809524,0.021977240398293022,-0.15480102342890978,101.0,123.0,-3.0,-1.6727490429399106,-4.314080212833888,-1.3290324212767521
2026-04-13,686,86,101,68,431,0.5014577259475219,-3.005164146744109,6023,CO,South America,113,0.12536443148688048,0.16375982815220796,0.025248746931950845,0.3489265491879968,0,0,0,563.0,672.0,123.0,0.15097690941385436,0.12946428571428573,-0.02561247792697388,0.5850799289520426,0.7398809523809524,-0.08362220300452072,98.0,101.0,15.0,-3.0017814642166627,-1.6727490429399106,-0.0033826825274463346
2026-04-20,1389,197,192,134,866,0.4829373650107991,-4.024226038604612,14362,CO,South America,155,0.1418286537077034,0.16026933754626912,0.02660391081856105,0.36279301980249906,0,0,1,686.0,563.0,703.0,0.12536443148688048,0.15097690941385436,0.016464222220822916,0.5014577259475219,0.5850799289520426,-0.018520360936722824,113.0,98.0,42.0,-3.005164146744109,-3.0017814642166627,-1.0190618918605026
2026-04-27,1568,261,237,137,933,0.03303571428571427,-3.5027779375946198,17395,CO,South America,170,0.16645408163265307,0.1587326138930553,0.025918405699104807,0.37280504856985747,0,1,0,1389.0,686.0,179.0,0.1418286537077034,0.12536443148688048,0.024625427924949678,0.4829373650107991,0.5014577259475219,-0.4499016507250848,155.0,113.0,15.0,-4.024226038604612,-3.005164146744109,0.5214481010099918
2026-05-04,992,183,137,77,595,-0.3432459677419355,-3.465311479824948,8132,CO,South America,135,0.1844758064516129,0.15932657294994745,0.024907221379509077,0.34666894593261566,1,0,0,1568.0,1389.0,-576.0,0.16645408163265307,0.1418286537077034,0.018021724818959833,0.03303571428571427,0.4829373650107991,-0.3762816820276498,170.0,155.0,-35.0,-3.5027779375946198,-4.024226038604612,0.037466457769671724
2026-05-11,929,150,91,124,564,0.7316469321851453,-2.8577611552027347,7491,CO,South America,145,0.16146393972012918,0.16112294677149497,0.02485611307443983,0.29738930924157625,0,0,1,992.0,1568.0,-63.0,0.1844758064516129,0.16645408163265307,-0.023011866731483727,-0.3432459677419355,0.03303571428571427,1.0748928999270808,135.0,170.0,10.0,-3.465311479824948,-3.5027779375946198,0.6075503246222134
2026-05-18,773,135,147,104,387,-0.21836998706338942,-3.3053419128444985,8141,CO,South America,136,0.17464424320827943,0.16114567963473725,0.023952111698801886,0.3263398174378142,0,1,0,929.0,992.0,-156.0,0.16146393972012918,0.1844758064516129,0.013180303488150247,0.7316469321851453,-0.3432459677419355,-0.9500169192485347,145.0,135.0,-9.0,-2.8577611552027347,-3.465311479824948,-0.44758075764176386
2026-05-25,1362,260,177,141,784,0.15660792951541852,-2.9265163524673183,11470,CO,South America,147,0.19089574155653452,0.16198933985808364,0.02338471606988348,0.292295454656489,1,0,0,773.0,929.0,589.0,0.17464424320827943,0.16146393972012918,0.016251498348255095,-0.21836998706338942,0.7316469321851453,0.37497791657880797,136.0,145.0,11.0,-3.3053419128444985,-2.8577611552027347,0.3788255603771802
2026-06-01,1598,191,282,151,974,0.6775344180225282,-1.912743946034355,21192,CO,South America,147,0.1195244055068836,0.16368971642858077,0.023702719353487136,0.2843138355305437,0,0,0,1362.0,773.0,236.0,0.19089574155653452,0.17464424320827943,-0.07137133604965092,0.15660792951541852,-0.21836998706338942,0.5209264885071097,147.0,136.0,0.0,-2.9265163524673183,-3.3053419128444985,1.0137724064329634
2026-06-08,892,122,141,86,543,0.5210762331838565,-3.350086991894193,8016,CO,South America,114,0.1367713004484305,0.16123608804404202,0.02524155293106926,0.30615942344676506,0,0,0,1598.0,1362.0,-706.0,0.1195244055068836,0.19089574155653452,0.017246894941546895,0.6775344180225282,0.15660792951541852,-0.1564581848386717,147.0,147.0,-33.0,-1.912743946034355,-2.9265163524673183,-1.4373430458598382
2026-06-15,1335,220,197,135,783,0.42449438202247186,-3.2441170938212895,23452,CO,South America,145,0.1647940074906367,0.15994846764427298,0.0251642784483148,0.3174708344855593,0,0,0,892.0,1598.0,443.0,0.1367713004484305,0.1195244055068836,0.02802270704220619,0.5210762331838565,0.6775344180225282,-0.09658185116138468,114.0,147.0,31.0,-3.350086991894193,-1.912743946034355,0.10596989807290358
2026-06-22,2307,334,287,269,1417,0.7628955353272648,-1.5869329034045743,54415,CO,South America,186,0.1447767663632423,0.16019074463659116,0.02451706352127704,0.32282201186240495,0,0,0,1335.0,892.0,972.0,0.1647940074906367,0.1367713004484305,-0.020017241127394392,0.42449438202247186,0.5210762331838565,0.338401153304793,145.0,114.0,41.0,-3.2441170938212895,-3.350086991894193,1.6571841904167153
2026-06-29,651,73,83,79,416,0.9906298003072196,-1.812703193878399,4005,CO,South America,116,0.11213517665130568,0.1594567456711936,0.02413184467930944,0.3437778939321602,0,0,1,2307.0,1335.0,-1656.0,0.1447767663632423,0.1647940074906367,-0.03264158971193662,0.7628955353272648,0.42449438202247186,0.22773426497995475,186.0,145.0,-70.0,-1.5869329034045743,-3.2441170938212895,-0.2257702904738248
2026-07-06,747,106,128,88,425,0.38969210174029456,-2.3987489315740493,5145,CO,South America,130,0.14190093708165996,0.1573057652611987,0.025620361767545757,0.37318025331284466,0,1,1,651.0,2307.0,96.0,0.11213517665130568,0.1447767663632423,0.029765760430354282,0.9906298003072196,0.7628955353272648,-0.600937698566925,116.0,186.0,14.0,-1.812703193878399,-1.5869329034045743,-0.5860457376956503
2026-07-13,1870,354,201,156,1159,-0.2710695187165776,-2.603618083372116,19655,CO,South America,122,0.1893048128342246,0.1566359901229579,0.02523656495806316,0.37389815976621205,1,1,1,747.0,651.0,1123.0,0.14190093708165996,0.11213517665130568,0.047403875752564634,0.38969210174029456,0.9906298003072196,-0.6607616204568721,130.0,116.0,-8.0,-2.3987489315740493,-1.812703193878399,-0.20486915179806653
2026-07-20,838,156,94,89,499,-0.0889021479713604,-2.0457078756689127,5348,CO,South America,119,0.18615751789976134,0.15799719106926066,0.02556682274760118,0.3470245064960959,1,1,,1870.0,747.0,-1032.0,0.1893048128342246,0.14190093708165996,-0.0031472949344632517,-0.2710695187165776,0.38969210174029456,0.1821673707452172,122.0,130.0,-3.0,-2.603618083372116,-2.3987489315740493,0.5579102077032032
2026-07-27,1002,223,101,82,596,0.3005988023952096,-2.144948284134234,5920,CO,South America,132,0.22255489021956087,0.1591236041424807,0.025654369049019948,0.3295874403173976,1,,,838.0,1870.0,164.0,0.18615751789976134,0.1893048128342246,0.03639737231979953,-0.0889021479713604,-0.2710695187165776,0.38950095036656995,119.0,122.0,13.0,-2.0457078756689127,-2.603618083372116,-0.09924040846532156
2026-01-26,13,2,0,0,11,0.5307692307692307,-4.221861191426114,276,ET,East/NE Africa,7,0.15384615384615385,,,,0,0,0,,,,,,,,,,,,,,,
2026-02-02,705,94,85,83,443,0.8941843971631205,-2.4199304820777554,4976,ET,East/NE Africa,123,0.13333333333333333,,,,0,0,0,13.0,,692.0,0.15384615384615385,,-0.020512820512820523,0.5307692307692307,,0.3634151663938898,7.0,,116.0,-4.221861191426114,,1.8019307093483583
2026-02-09,1863,123,144,131,1465,1.8006977992485238,0.3588283274036822,13840,ET,East/NE Africa,175,0.06602254428341385,,,,0,0,0,705.0,13.0,1158.0,0.13333333333333333,0.15384615384615385,-0.06731078904991948,0.8941843971631205,0.5307692307692307,0.9065134020854033,123.0,7.0,52.0,-2.4199304820777554,-4.221861191426114,2.7787588094814377
2026-02-16,1477,85,142,103,1147,1.6446851726472578,0.3484074832572324,8874,ET,East/NE Africa,149,0.05754908598510494,,,,0,0,0,1863.0,705.0,-386.0,0.06602254428341385,0.13333333333333333,-0.008473458298308909,1.8006977992485238,0.8941843971631205,-0.15601262660126602,175.0,123.0,-26.0,0.3588283274036822,-2.4199304820777554,-0.010420844146449781
2026-02-23,1263,111,165,170,817,1.2494853523357086,-1.0099985080989378,8801,ET,East/NE Africa,151,0.08788598574821853,0.10268777936200149,0.04809078345938426,1.2175841499570332,0,0,0,1477.0,1863.0,-214.0,0.05754908598510494,0.06602254428341385,0.030336899763113587,1.6446851726472578,1.8006977992485238,-0.3951998203115492,149.0,175.0,2.0,0.3484074832572324,0.3588283274036822,-1.3584059913561701
2026-03-02,1109,110,136,103,760,0.9926961226330028,-1.0244416689281102,6360,ET,East/NE Africa,158,0.09918845807033363,0.0997274206392449,0.04217062021289283,1.2239643904327682,0,0,0,1263.0,1477.0,-154.0,0.08788598574821853,0.05754908598510494,0.011302472322115106,1.2494853523357086,1.6446851726472578,-0.2567892297027058,151.0,149.0,7.0,-1.0099985080989378,0.3484074832572324,-0.014443160829172408
2026-03-09,1190,144,111,139,796,0.9136974789915966,-1.6913307133484696,7476,ET,East/NE Africa,156,0.12100840336134454,0.09963759354442636,0.03771919114660092,1.1854196791328073,0,0,0,1109.0,1263.0,81.0,0.09918845807033363,0.08788598574821853,0.021819945291010903,0.9926961226330028,1.2494853523357086,-0.07899864364140619,158.0,151.0,-2.0,-1.0244416689281102,-1.0099985080989378,-0.6668890444203595
2026-03-16,682,89,58,54,481,1.1580645161290322,-0.9570617880066681,5480,ET,East/NE Africa,111,0.13049853372434017,0.10269056637541467,0.03536748486546342,1.1466022219697773,0,0,0,1190.0,1109.0,-508.0,0.12100840336134454,0.09918845807033363,0.009490130362995633,0.9136974789915966,0.9926961226330028,0.24436703713743557,156.0,158.0,-45.0,-1.6913307133484696,-1.0244416689281102,0.7342689253418015
2026-03-23,587,64,69,72,382,1.3954003407155027,-1.071848972846097,3485,ET,East/NE Africa,113,0.10902896081771721,0.10616656229403035,0.03418808602281074,1.1480350087396842,0,0,0,682.0,1190.0,-95.0,0.13049853372434017,0.12100840336134454,-0.021469572906622963,1.1580645161290322,0.9136974789915966,0.2373358245864705,111.0,156.0,2.0,-0.9570617880066681,-1.6913307133484696,-0.11478718483942885
2026-03-30,530,48,65,60,357,1.5354716981132075,-0.21401075290238047,3317,ET,East/NE Africa,102,0.09056603773584905,0.10648460657444,0.031994256393045456,1.1755200456258863,0,0,0,587.0,682.0,-57.0,0.10902896081771721,0.13049853372434017,-0.018462923081868157,1.3954003407155027,1.1580645161290322,0.14007135739770482,113.0,111.0,-11.0,-1.071848972846097,-0.9570617880066681,0.8578382199437165
2026-04-06,619,69,80,65,405,0.884329563812601,-2.011021865103263,6331,ET,East/NE Africa,127,0.11147011308562198,0.1048927496905809,0.030581621728005753,1.2115152108746183,0,0,0,530.0,587.0,89.0,0.09056603773584905,0.10902896081771721,0.020904075349772927,1.5354716981132075,1.3954003407155027,-0.6511421343006065,102.0,113.0,25.0,-0.21401075290238047,-1.071848972846097,-1.7970111122008827
2026-04-13,597,41,48,67,441,1.6902847571189281,-0.013179283122667506,5297,ET,East/NE Africa,97,0.06867671691792294,0.10549069181740282,0.029079974405433404,1.1817710611417076,0,0,0,619.0,530.0,-22.0,0.11147011308562198,0.09056603773584905,-0.04279339616769903,0.884329563812601,1.5354716981132075,0.8059551933063271,127.0,102.0,-30.0,-2.011021865103263,-0.21401075290238047,1.9978425819805956
2026-04-20,781,73,66,84,558,1.4335467349551856,-0.3203320071857915,4315,ET,East/NE Africa,119,0.09346991037131883,0.1024228605757795,0.029693554243580743,1.2241472024731428,0,0,0,597.0,619.0,184.0,0.06867671691792294,0.11147011308562198,0.02479319345339588,1.6902847571189281,0.884329563812601,-0.25673802216374253,97.0,127.0,22.0,-0.013179283122667506,-2.011021865103263,-0.307152724063124
2026-04-27,646,58,65,66,457,1.1283281733746129,-0.1045283470877211,3983,ET,East/NE Africa,103,0.08978328173374613,0.10173417209851329,0.028537648121241224,1.2402548588179152,0,0,0,781.0,597.0,-135.0,0.09346991037131883,0.06867671691792294,-0.0036866286375727003,1.4335467349551856,1.6902847571189281,-0.3052185615805727,119.0,97.0,-16.0,-0.3203320071857915,-0.013179283122667506,0.21580366009807042
2026-05-04,977,104,153,90,630,0.5024564994882292,-2.41405327773389,10020,ET,East/NE Africa,133,0.10644831115660185,0.10088053707245849,0.027603498113608956,1.232260095571965,0,0,0,646.0,781.0,331.0,0.08978328173374613,0.09346991037131883,0.01666502942285572,1.1283281733746129,1.4335467349551856,-0.6258716738863837,103.0,119.0,30.0,-0.1045283470877211,-0.3203320071857915,-2.309524930646169
2026-05-11,835,54,87,73,621,1.7150898203592813,-0.9347412243700849,14696,ET,East/NE Africa,111,0.06467065868263473,0.10125172201140138,0.026638216156187496,1.1836065224997159,0,0,0,977.0,646.0,-142.0,0.10644831115660185,0.08978328173374613,-0.041777652473967114,0.5024564994882292,1.1283281733746129,1.212633320871052,133.0,103.0,-22.0,-2.41405327773389,-0.1045283470877211,1.4793120533638051
2026-05-18,747,73,71,70,533,1.4630522088353415,-0.7833136005591504,4399,ET,East/NE Africa,132,0.09772423025435073,0.09896540555335347,0.027311611873456,1.2168242286159388,0,0,0,835.0,977.0,-88.0,0.06467065868263473,0.10644831115660185,0.033053571571716,1.7150898203592813,0.5024564994882292,-0.2520376115239398,111.0,133.0,21.0,-0.9347412243700849,-2.41405327773389,0.15142762381093444
2026-05-25,791,97,93,93,508,0.9426042983565108,-0.7816476169578577,7118,ET,East/NE Africa,133,0.12262958280657396,0.09889239524164743,0.02644606781312434,1.2313082274523743,0,0,1,747.0,835.0,44.0,0.09772423025435073,0.06467065868263473,0.02490535255222323,1.4630522088353415,1.7150898203592813,-0.5204479104788307,132.0,111.0,1.0,-0.7833136005591504,-0.9347412243700849,0.0016659836012927753
2026-06-01,762,82,110,79,491,0.31456692913385825,-0.9341610967378299,5269,ET,East/NE Africa,104,0.10761154855643044,0.10021112788414335,0.02625941076556737,1.2152691202803818,0,1,0,791.0,747.0,-29.0,0.12262958280657396,0.09772423025435073,-0.015018034250143517,0.9426042983565108,1.4630522088353415,-0.6280373692226526,133.0,132.0,-29.0,-0.7816476169578577,-0.7833136005591504,-0.1525134797799722
2026-06-08,822,110,66,70,576,1.6045012165450123,-0.05579694223099488,5751,ET,East/NE Africa,120,0.13381995133819952,0.10060062370900057,0.025575972781547544,1.1678637417989859,1,0,0,762.0,791.0,60.0,0.10761154855643044,0.12262958280657396,0.026208402781769072,0.31456692913385825,0.9426042983565108,1.2899342874111541,104.0,133.0,16.0,-0.9341610967378299,-0.7816476169578577,0.878364154506835
2026-06-15,761,95,87,80,499,0.5099868593955321,-2.0611260882920712,5928,ET,East/NE Africa,124,0.12483574244415244,0.10226159009046051,0.025978426726738144,1.1896956155362872,0,0,1,822.0,762.0,-61.0,0.13381995133819952,0.10761154855643044,-0.00898420889404708,1.6045012165450123,0.31456692913385825,-1.0945143571494802,120.0,104.0,4.0,-0.05579694223099488,-0.9341610967378299,-2.0053291460610763
2026-06-22,694,67,75,80,472,1.0623919308357348,0.570254874894854,4993,ET,East/NE Africa,124,0.09654178674351585,0.1033365497263506,0.025795368286406183,1.157328531910537,0,1,0,761.0,822.0,-67.0,0.12483574244415244,0.13381995133819952,-0.028293955700636586,0.5099868593955321,1.6045012165450123,0.5524050714402027,124.0,120.0,0.0,-2.0611260882920712,-0.05579694223099488,2.6313809631869254
2026-06-29,470,62,50,59,299,1.0553191489361702,-1.3625657396918758,3264,ET,East/NE Africa,88,0.13191489361702127,0.10302769686349449,0.025215349371648158,1.1530132318616824,1,0,0,694.0,761.0,-224.0,0.09654178674351585,0.12483574244415244,0.03537310687350542,1.0623919308357348,0.5099868593955321,-0.0070727818995646174,124.0,124.0,-36.0,0.570254874894854,-2.0611260882920712,-1.93282061458673
2026-07-06,686,47,98,71,470,1.3739067055393586,0.2249409540097385,8558,ET,East/NE Africa,114,0.06851311953352769,0.10428366193973476,0.02536128003349691,1.1487656630388339,0,0,1,470.0,694.0,216.0,0.13191489361702127,0.09654178674351585,-0.06340177408349358,1.0553191489361702,1.0623919308357348,0.3185875566031884,88.0,124.0,26.0,-1.3625657396918758,0.570254874894854,1.5875066937016142
2026-07-13,746,59,88,64,535,1.4316353887399464,-1.4501122541888178,4883,ET,East/NE Africa,104,0.07908847184986595,0.10279322267280948,0.02585620557223681,1.158146539809689,0,1,0,686.0,470.0,60.0,0.06851311953352769,0.13191489361702127,0.010575352316338257,1.3739067055393586,1.0553191489361702,0.05772868320058788,114.0,88.0,-10.0,0.2249409540097385,-1.3625657396918758,-1.6750532081985563
2026-07-20,677,89,98,65,425,0.46514032496307234,-1.8382604414973527,3830,ET,East/NE Africa,111,0.13146233382570163,0.10184503263989172,0.025751970826498112,1.1690860937668994,1,0,,746.0,686.0,-69.0,0.07908847184986595,0.06851311953352769,0.052373861975835684,1.4316353887399464,1.3739067055393586,-0.9664950637768741,104.0,114.0,7.0,-1.4501122541888178,0.2249409540097385,-0.38814818730853484
2026-07-27,525,54,40,50,381,1.2780952380952382,-1.3139287112982783,3993,ET,East/NE Africa,112,0.10285714285714286,0.10298415960857674,0.025891606900910566,1.1420112565052138,0,,,677.0,746.0,-152.0,0.13146233382570163,0.07908847184986595,-0.028605190968558777,0.46514032496307234,1.4316353887399464,0.8129549131321658,111.0,104.0,1.0,-1.8382604414973527,-1.4501122541888178,0.5243317301990744
2026-01-26,2,0,2,0,0,-4.0,-6.513112491373359,6,SU,East/NE Africa,3,0.0,,,,0,0,0,,,,,,,,,,,,,,,
2026-02-02,1676,411,224,200,841,-0.8818615751789977,-5.108817186922788,12509,SU,East/NE Africa,156,0.24522673031026254,,,,0,0,0,2.0,,1674.0,0.0,,0.24522673031026254,-4.0,,3.1181384248210025,3.0,,153.0,-6.513112491373359,,1.4042953044505717
2026-02-09,1973,385,340,188,1060,-0.5271160669031931,-4.700849095699769,18474,SU,East/NE Africa,176,0.1951343132285859,,,,0,0,0,1676.0,2.0,297.0,0.24522673031026254,0.0,-0.05009241708167664,-0.8818615751789977,-4.0,0.35474550827580453,156.0,3.0,20.0,-5.108817186922788,-6.513112491373359,0.4079680912230188
2026-02-16,2264,527,356,230,1151,-0.9021643109540636,-4.741240486584326,16818,SU,East/NE Africa,169,0.232773851590106,,,,0,0,0,1973.0,1676.0,291.0,0.1951343132285859,0.24522673031026254,0.03763953836152009,-0.5271160669031931,-0.8818615751789977,-0.37504824405087045,176.0,156.0,-7.0,-4.700849095699769,-5.108817186922788,-0.04039139088455723
2026-02-23,1660,416,215,159,870,-0.8860240963855421,-4.927482723353242,10846,SU,East/NE Africa,169,0.25060240963855424,0.1682837237822386,0.1141921898699435,-1.5777854882590636,0,0,0,2264.0,1973.0,-604.0,0.232773851590106,0.1951343132285859,0.01782855804844824,-0.9021643109540636,-0.5271160669031931,0.016140214568521438,169.0,176.0,0.0,-4.741240486584326,-4.700849095699769,-0.1862422367689156
2026-03-02,1231,332,161,86,652,-1.302924451665313,-4.796947850396987,7294,SU,East/NE Africa,150,0.2696994313566206,0.18474746095350175,0.10552329306220536,-1.4394332098843594,0,0,0,1660.0,2264.0,-429.0,0.25060240963855424,0.232773851590106,0.019097021718066376,-0.8860240963855421,-0.9021643109540636,-0.41690035527977076,169.0,169.0,-19.0,-4.927482723353242,-4.741240486584326,0.13053487295625477
2026-03-09,1360,321,228,131,680,-1.005294117647059,-5.401099111145662,9636,SU,East/NE Africa,159,0.23602941176470588,0.19890612268735489,0.10055316263308542,-1.416681750181185,0,0,0,1231.0,1660.0,129.0,0.2696994313566206,0.25060240963855424,-0.033670019591914735,-1.302924451665313,-0.8860240963855421,0.297630334018254,150.0,169.0,9.0,-4.796947850396987,-4.927482723353242,-0.604151260748675
2026-03-16,1106,328,165,108,505,-1.6017179023508137,-4.677255754219596,12165,SU,East/NE Africa,132,0.2965641952983725,0.20420944969840502,0.09285827393380755,-1.3579120883905955,0,0,0,1360.0,1231.0,-254.0,0.23602941176470588,0.2696994313566206,0.06053478353366665,-1.005294117647059,-1.302924451665313,-0.5964237847037548,159.0,150.0,-27.0,-5.401099111145662,-4.796947850396987,0.723843356926066
2026-03-23,918,254,133,85,446,-1.513834422657952,-4.783919483740724,6239,SU,East/NE Africa,134,0.2766884531590414,0.21575379289840096,0.09196208720622447,-1.3883878151356228,0,0,0,1106.0,1360.0,-188.0,0.2965641952983725,0.23602941176470588,-0.019875742139331132,-1.6017179023508137,-1.005294117647059,0.08788347969286159,132.0,159.0,2.0,-4.677255754219596,-5.401099111145662,-0.10666372952112813
2026-03-30,904,236,131,55,482,-1.5286504424778762,-5.090664654113099,13109,SU,East/NE Africa,134,0.2610619469026549,0.22252431070513878,0.08838810157624026,-1.4023263270825481,0,0,0,918.0,1106.0,-14.0,0.2766884531590414,0.2965641952983725,-0.015626506256386508,-1.513834422657952,-1.6017179023508137,-0.014816019819924087,134.0,132.0,0.0,-4.783919483740724,-4.677255754219596,-0.30674517037237514
2026-04-06,1045,187,139,95,624,-0.017703349282296672,-3.955952776780547,9133,SU,East/NE Africa,140,0.17894736842105263,0.22637807432489038,0.08421947944727977,-1.414958738622081,0,0,0,904.0,918.0,141.0,0.2610619469026549,0.2766884531590414,-0.08211457848160225,-1.5286504424778762,-1.513834422657952,1.5109470931955795,134.0,134.0,6.0,-5.090664654113099,-4.783919483740724,1.1347118773325522
2026-04-13,2276,355,333,279,1309,0.14978031634446395,-5.248046206002726,22413,SU,East/NE Africa,183,0.15597539543057998,0.22206619196999605,0.08116738427718762,-1.2879355214093733,0,0,0,1045.0,904.0,1231.0,0.17894736842105263,0.2610619469026549,-0.022971972990472656,-0.017703349282296672,-1.5286504424778762,0.16748366562676062,140.0,134.0,43.0,-3.955952776780547,-5.090664654113099,-1.2920934292221795
2026-04-20,1170,218,141,93,718,-0.035299145299145324,-4.42966212969538,12146,SU,East/NE Africa,141,0.18632478632478633,0.21655862559171138,0.07970709825940928,-1.1681258682632203,0,0,0,2276.0,1045.0,-1106.0,0.15597539543057998,0.17894736842105263,0.03034939089420635,0.14978031634446395,-0.017703349282296672,-0.18507946164360928,183.0,140.0,-42.0,-5.248046206002726,-3.955952776780547,0.8183840763073462
2026-04-27,1324,280,169,143,732,-0.43844410876132933,-4.897339124080244,12406,SU,East/NE Africa,153,0.21148036253776434,0.21423294564810175,0.07677304618457316,-1.0809853511121377,0,0,0,1170.0,2276.0,154.0,0.18632478632478633,0.15597539543057998,0.02515557621297801,-0.035299145299145324,0.14978031634446395,-0.403144963462184,141.0,183.0,12.0,-4.42966212969538,-5.248046206002726,-0.4676769943848642
2026-05-04,1482,339,347,127,669,-1.2597165991902834,-5.101355707320139,10088,SU,East/NE Africa,159,0.22874493927125505,0.21403633256879195,0.07376482534975658,-1.0350895480870799,0,0,0,1324.0,1170.0,158.0,0.21148036253776434,0.18632478632478633,0.017264576733490716,-0.43844410876132933,-0.035299145299145324,-0.8212724904289541,153.0,141.0,6.0,-4.897339124080244,-4.42966212969538,-0.2040165832398948
2026-05-11,1368,277,213,156,722,-0.46644736842105267,-4.537925384932687,10978,SU,East/NE Africa,158,0.20248538011695907,0.21501690634895615,0.0711829449890982,-1.0500646848272934,0,0,0,1482.0,1324.0,-114.0,0.22874493927125505,0.21148036253776434,-0.02625955915429598,-1.2597165991902834,-0.43844410876132933,0.7932692307692308,159.0,153.0,-1.0,-5.101355707320139,-4.897339124080244,0.5634303223874522
2026-05-18,976,164,119,115,578,0.0964139344262295,-3.924955653715007,5711,SU,East/NE Africa,140,0.1680327868852459,0.21423368595945633,0.06884058270397411,-1.0135886025519034,0,0,0,1368.0,1482.0,-392.0,0.20248538011695907,0.22874493927125505,-0.03445259323171318,-0.46644736842105267,-1.2597165991902834,0.5628613028472822,158.0,159.0,-18.0,-4.537925384932687,-5.101355707320139,0.6129697312176798
2026-05-25,1093,186,186,75,646,0.05187557182067702,-3.438428970610639,13038,SU,East/NE Africa,139,0.17017383348581885,0.21151598601391455,0.0675899171010865,-0.9482943356708367,0,0,1,976.0,1368.0,117.0,0.1680327868852459,0.20248538011695907,0.00214104660057296,0.0964139344262295,-0.46644736842105267,-0.04453836260555248,140.0,158.0,-1.0,-3.924955653715007,-4.537925384932687,0.4865266831043682
2026-06-01,875,188,144,113,430,-0.7644571428571428,-4.146390807462368,5050,SU,East/NE Africa,141,0.21485714285714286,0.20921919976235367,0.06629194334325375,-0.8927293408101971,0,1,0,1093.0,976.0,-218.0,0.17017383348581885,0.1680327868852459,0.044683309371324004,0.05187557182067702,0.0964139344262295,-0.8163327146778199,139.0,140.0,2.0,-3.438428970610639,-3.924955653715007,-0.7079618368517293
2026-06-08,1730,492,297,189,752,-1.4542774566473988,-6.145626315196409,16612,SU,East/NE Africa,166,0.28439306358381505,0.20951593360944784,0.06443717147631467,-0.8859781724968784,1,0,0,875.0,1093.0,855.0,0.21485714285714286,0.17017383348581885,0.0695359207266722,-0.7644571428571428,0.05187557182067702,-0.689820313790256,141.0,139.0,25.0,-4.146390807462368,-3.438428970610639,-1.9992355077340402
2026-06-15,1479,398,216,109,756,-1.254293441514537,-4.6282269443573,9558,SU,East/NE Africa,175,0.2691007437457742,0.21325979010816623,0.0649148991839405,-0.9143931367044044,0,0,1,1730.0,875.0,-251.0,0.28439306358381505,0.21485714285714286,-0.015292319838040858,-1.4542774566473988,-0.7644571428571428,0.1999840151328618,166.0,141.0,9.0,-6.145626315196409,-4.146390807462368,1.517399370839109
2026-06-22,1628,345,300,160,823,-0.8956388206388206,-5.052037843876964,9577,SU,East/NE Africa,162,0.2119164619164619,0.2159188831385285,0.06443394462458936,-0.9305788655048869,0,1,0,1479.0,1730.0,149.0,0.2691007437457742,0.28439306358381505,-0.05718428182931229,-1.254293441514537,-1.4542774566473988,0.3586546208757164,175.0,166.0,-13.0,-4.6282269443573,-6.145626315196409,-0.42381089951966455
2026-06-29,1482,460,224,85,713,-2.110728744939271,-5.575330905539569,10508,SU,East/NE Africa,137,0.31039136302294196,0.21573695490116182,0.0628868809166388,-0.9289906816473384,1,0,0,1628.0,1479.0,-146.0,0.2119164619164619,0.2691007437457742,0.09847490110648005,-0.8956388206388206,-1.254293441514537,-1.2150899243004505,162.0,175.0,-25.0,-5.052037843876964,-4.6282269443573,-0.5232930616626046
2026-07-06,1448,366,197,137,748,-1.2391574585635359,-4.841747440281648,9520,SU,East/NE Africa,144,0.2527624309392265,0.21985236394993488,0.06453324407166489,-0.9803705974426399,0,0,0,1482.0,1628.0,-34.0,0.31039136302294196,0.2119164619164619,-0.057628932083715445,-2.110728744939271,-0.8956388206388206,0.8715712863757352,137.0,162.0,7.0,-5.575330905539569,-5.052037843876964,0.7335834652579205
2026-07-13,1239,281,252,140,566,-0.9142857142857143,-4.981023250200824,7501,SU,East/NE Africa,144,0.22679580306698952,0.22122361674115534,0.06347125863662843,-0.9911533833226772,0,0,0,1448.0,1482.0,-209.0,0.2527624309392265,0.31039136302294196,-0.025966627872236997,-1.2391574585635359,-2.110728744939271,0.3248717442778216,144.0,137.0,0.0,-4.841747440281648,-5.575330905539569,-0.13927580991917576
2026-07-20,1208,238,210,108,652,-0.4720198675496689,-3.8513807222666574,9001,SU,East/NE Africa,155,0.19701986754966888,0.22144650419418874,0.06214486529041798,-0.9880786765611986,0,0,,1239.0,1448.0,-31.0,0.22679580306698952,0.2527624309392265,-0.029775935517320634,-0.9142857142857143,-1.2391574585635359,0.44226584673604535,144.0,144.0,11.0,-4.981023250200824,-4.841747440281648,1.1296425279341666
2026-07-27,959,241,132,95,491,-0.9615224191866528,-3.6828246153866613,6047,SU,East/NE Africa,123,0.251303441084463,0.2205070181693995,0.061077437687297925,-0.968230260829986,0,,,1208.0,1239.0,-249.0,0.19701986754966888,0.22679580306698952,0.05428357353479413,-0.4720198675496689,-0.9142857142857143,-0.4895025516369839,155.0,144.0,-32.0,-3.8513807222666574,-4.981023250200824,0.16855610687999611
2026-01-26,9,2,0,0,7,0.7555555555555555,-2.4529462316078217,46,VE,South America,6,0.2222222222222222,,,,0,0,0,,,,,,,,,,,,,,,
2026-02-02,3582,670,584,501,1827,-0.027331099944165268,-2.967906797245921,28938,VE,South America,232,0.1870463428252373,,,,0,0,0,9.0,,3573.0,0.2222222222222222,,-0.03517587939698491,0.7555555555555555,,-0.7828866554997208,6.0,,226.0,-2.4529462316078217,,-0.5149605656380993
2026-02-09,4861,894,728,797,2442,0.18335733388191733,-3.179389001070685,63105,VE,South America,243,0.18391277514914628,,,,0,0,1,3582.0,9.0,1279.0,0.1870463428252373,0.2222222222222222,-0.0031335676760910203,-0.027331099944165268,0.7555555555555555,0.2106884338260826,232.0,6.0,11.0,-2.967906797245921,-2.4529462316078217,-0.2114822038247639
2026-02-16,3436,586,479,443,1928,0.24461583236321305,-3.3568330470663703,38007,VE,South America,229,0.17054714784633296,,,,0,1,0,4861.0,3582.0,-1425.0,0.18391277514914628,0.1870463428252373,-0.013365627302813321,0.18335733388191733,-0.027331099944165268,0.06125849848129572,243.0,232.0,-14.0,-3.179389001070685,-2.967906797245921,-0.17744404599568542
2026-02-23,3755,840,615,510,1790,-0.41762982689747,-3.5099143429530923,39031,VE,South America,211,0.2237017310252996,0.19093212201073467,0.022052876253601573,0.28904940546413016,1,0,0,3436.0,4861.0,319.0,0.17054714784633296,0.18391277514914628,0.05315458317896665,0.24461583236321305,0.18335733388191733,-0.6622456592606831,229.0,243.0,-18.0,-3.3568330470663703,-3.179389001070685,-0.15308129588672204
2026-03-02,3873,751,515,348,2259,-0.07601342628453395,-2.5460760385208734,41133,VE,South America,225,0.19390653240382133,0.19748604381364768,0.024073148283637297,0.1477135589918101,0,0,0,3755.0,3436.0,118.0,0.2237017310252996,0.17054714784633296,-0.02979519862147828,-0.41762982689747,0.24461583236321305,0.3416164006129361,211.0,229.0,14.0,-3.5099143429530923,-3.3568330470663703,0.963838304432219
2026-03-09,3034,570,398,336,1730,-0.02623599208965063,-2.7975389233868726,18285,VE,South America,215,0.18787079762689518,0.1968894585786766,0.021581210769655725,0.11042572811241945,0,0,1,3873.0,3755.0,-839.0,0.19390653240382133,0.2237017310252996,-0.006035734776926149,-0.07601342628453395,-0.41762982689747,0.04977743419488331,225.0,211.0,-10.0,-2.5460760385208734,-3.5099143429530923,-0.2514628848659992
2026-03-16,2306,481,360,293,1172,-0.23352124891587164,-3.359169278758369,18307,VE,South America,178,0.2085862966175195,0.19560107844270783,0.01999358260859967,0.09090262522640943,0,1,0,3034.0,3873.0,-728.0,0.18787079762689518,0.19390653240382133,0.02071549899062433,-0.02623599208965063,-0.07601342628453395,-0.207285256826221,215.0,225.0,-37.0,-2.7975389233868726,-2.5460760385208734,-0.5616303553714963
2026-03-23,3455,887,473,464,1631,-0.5613603473227207,-4.3987824957763095,34979,VE,South America,190,0.2567293777134588,0.1972242307145593,0.019071290981202693,0.0503496409586243,1,0,0,2306.0,3034.0,1149.0,0.2085862966175195,0.18787079762689518,0.04814308109593926,-0.23352124891587164,-0.02623599208965063,-0.327839098406849,178.0,215.0,12.0,-3.359169278758369,-2.7975389233868726,-1.0396132170179406
2026-03-30,2196,481,242,345,1128,0.12008196721311477,-2.8442421069181028,31680,VE,South America,159,0.21903460837887068,0.20383591371443702,0.026677313227653543,-0.017618135517080698,0,0,0,3455.0,2306.0,-1259.0,0.2567293777134588,0.2085862966175195,-0.037694769334588096,-0.5613603473227207,-0.23352124891587164,0.6814423145358355,190.0,178.0,-31.0,-4.3987824957763095,-3.359169278758369,1.5545403888582068
2026-04-06,1524,306,199,226,793,-0.19219160104986874,-3.0237493403059372,12071,VE,South America,154,0.20078740157480315,0.20535578318088038,0.025606710526568193,-0.0038481252440611497,0,0,0,2196.0,3455.0,-672.0,0.21903460837887068,0.2567293777134588,-0.018247206804067523,0.12008196721311477,-0.5613603473227207,-0.3122735682629835,159.0,190.0,-5.0,-2.8442421069181028,-4.3987824957763095,-0.17950723338783448
2026-04-13,1945,296,356,241,1052,0.40046272493573265,-3.0748909119656105,14629,VE,South America,189,0.15218508997429306,0.20494047576214608,0.02433167779592944,-0.020970259408225476,0,0,0,1524.0,2196.0,421.0,0.20078740157480315,0.21903460837887068,-0.048602311600510095,-0.19219160104986874,0.12008196721311477,0.5926543259856014,154.0,159.0,35.0,-3.0237493403059372,-2.8442421069181028,-0.05114157165967326
2026-04-20,1877,354,249,219,1055,0.3602557272242941,-3.1364676818026394,22114,VE,South America,174,0.18859882791688865,0.20054419361315834,0.02775134495098204,0.014149155953771036,0,0,0,1945.0,1524.0,-68.0,0.15218508997429306,0.20078740157480315,0.036413737942595586,0.40046272493573265,-0.19219160104986874,-0.04020699771143854,189.0,154.0,-15.0,-3.0748909119656105,-3.0237493403059372,-0.061576769837028866
2026-04-27,2584,426,315,352,1491,0.6962461300309597,-2.570760267386677,26952,VE,South America,196,0.16486068111455107,0.1996253193288299,0.02677564827216261,0.040772738359195884,0,0,0,1877.0,1945.0,707.0,0.18859882791688865,0.15218508997429306,-0.023738146802337573,0.3602557272242941,0.40046272493573265,0.3359904028066656,174.0,189.0,22.0,-3.1364676818026394,-3.0748909119656105,0.5657074144159622
2026-05-04,1541,222,203,174,942,0.46645035691109665,-2.789207544796198,10420,VE,South America,161,0.14406229720960415,0.19714213088495283,0.02735166568832299,0.08759226633575044,0,0,1,2584.0,1877.0,-1043.0,0.16486068111455107,0.18859882791688865,-0.020798383904946927,0.6962461300309597,0.3602557272242941,-0.22979577311986304,196.0,174.0,-35.0,-2.570760267386677,-3.1364676818026394,-0.21844727740952097
2026-05-11,2254,325,317,267,1345,0.6077639751552796,-2.2331843037945056,13609,VE,South America,176,0.14418811002661935,0.19360347530659627,0.0297070392097135,0.11284947237410686,0,1,0,1541.0,2584.0,713.0,0.14406229720960415,0.16486068111455107,0.0001258128170152084,0.46645035691109665,0.6962461300309597,0.14131361824418293,161.0,196.0,15.0,-2.789207544796198,-2.570760267386677,0.5560232410016925
2026-05-18,2440,626,346,291,1177,-0.6539344262295081,-4.192458709511479,26768,VE,South America,174,0.2565573770491803,0.1905150149765977,0.031245666825869177,0.14378162879793016,1,0,0,2254.0,1541.0,186.0,0.14418811002661935,0.14406229720960415,0.11236926702256095,0.6077639751552796,0.46645035691109665,-1.2616984013847876,176.0,161.0,-2.0,-2.2331843037945056,-2.789207544796198,-1.9592744057169735
2026-05-25,2061,444,329,240,1048,-0.5424065987384765,-3.632330231345496,19509,VE,South America,162,0.21542940320232898,0.19439985980439667,0.03423211639885044,0.09685715497278671,0,0,1,2440.0,2254.0,-379.0,0.2565573770491803,0.14418811002661935,-0.04112797384685132,-0.6539344262295081,0.6077639751552796,0.11152782749103163,174.0,176.0,-12.0,-4.192458709511479,-2.2331843037945056,0.560128478165983
2026-06-01,1785,246,215,156,1168,0.7918207282913166,-1.8716228383103584,21738,VE,South America,159,0.13781512605042018,0.1955681677709485,0.03357789661873338,0.06134250198882765,0,1,0,2061.0,2440.0,-276.0,0.21542940320232898,0.2565573770491803,-0.0776142771519088,-0.5424065987384765,-0.6539344262295081,1.334227327029793,162.0,174.0,-3.0,-3.632330231345496,-4.192458709511479,1.7607073930351378
2026-06-08,1489,380,228,128,753,-0.9642713230355944,-3.7761530136233317,10816,VE,South America,139,0.2552048354600403,0.19252853399618383,0.03521911029108097,0.09978872442580075,1,0,0,1785.0,2061.0,-296.0,0.13781512605042018,0.21542940320232898,0.11738970940962012,0.7918207282913166,-0.5424065987384765,-1.756092051326911,159.0,162.0,-20.0,-1.8716228383103584,-3.632330231345496,-1.9045301753129733
2026-06-15,999,165,117,106,611,0.34644644644644645,-2.4858176881827294,7020,VE,South America,116,0.16516516516516516,0.19566234906937666,0.03703401420987317,0.046585722052730996,0,0,0,1489.0,1785.0,-490.0,0.2552048354600403,0.13781512605042018,-0.09003967029487514,-0.9642713230355944,0.7918207282913166,1.3107177694820409,139.0,159.0,-23.0,-3.7761530136233317,-1.8716228383103584,1.2903353254406023
2026-06-22,5313,487,361,1418,3047,1.8229813664596273,-2.447705357144468,92912,VE,South America,299,0.09166196122717862,0.19421010221679516,0.0367046555277355,0.06086480416671745,0,0,0,999.0,1489.0,4314.0,0.16516516516516516,0.2552048354600403,-0.07350320393798654,0.34644644644644645,-0.9642713230355944,1.4765349200131808,116.0,139.0,183.0,-2.4858176881827294,-3.7761530136233317,0.038112331038261615
2026-06-29,4393,490,377,1224,2302,1.6129296608240384,-2.4102798215425962,72034,VE,South America,249,0.11154108809469611,0.1895488230809035,0.04196526367332265,0.14096101154366789,0,0,0,5313.0,999.0,-920.0,0.09166196122717862,0.16516516516516516,0.019879126867517485,1.8229813664596273,0.34644644644644645,-0.21005170563558884,299.0,116.0,-50.0,-2.447705357144468,-2.4858176881827294,0.03742553560187156
2026-07-06,2227,257,216,514,1240,1.5050740907049844,-2.0438383881707125,21223,VE,South America,198,0.11540188594521779,0.18615718242932927,0.04410905028303214,0.20495964846890138,0,0,0,4393.0,5313.0,-2166.0,0.11154108809469611,0.09166196122717862,0.00386079785052168,1.6129296608240384,1.8229813664596273,-0.107855570119054,249.0,299.0,-51.0,-2.4102798215425962,-2.447705357144468,0.36644143337188373
2026-07-13,1515,200,180,278,857,0.7796039603960395,-2.916765072124487,13376,VE,South America,154,0.132013201320132,0.1832090450758246,0.045492999279485274,0.25913108356207154,0,0,0,2227.0,4393.0,-712.0,0.11540188594521779,0.11154108809469611,0.016611315374914212,1.5050740907049844,1.6129296608240384,-0.7254701303089449,198.0,249.0,-44.0,-2.0438383881707125,-2.4102798215425962,-0.8729266839537746
2026-07-20,1936,335,303,285,1013,0.08646694214876033,-3.9251058945027837,26390,VE,South America,163,0.17303719008264462,0.1811612113255969,0.0456970424190385,0.27994999863543024,0,0,,1515.0,2227.0,421.0,0.132013201320132,0.11540188594521779,0.04102398876251262,0.7796039603960395,1.5050740907049844,-0.6931370182472791,154.0,198.0,9.0,-2.916765072124487,-2.0438383881707125,-1.0083408223782966
2026-07-27,1503,232,198,213,860,0.6776447105788423,-2.6759233975451076,9346,VE,South America,164,0.1543579507651364,0.18084874897009875,0.044802113222784455,0.27250834261671214,0,,,1936.0,1515.0,-433.0,0.17303719008264462,0.132013201320132,-0.01867923931750823,0.08646694214876033,0.7796039603960395,0.5911777684300821,163.0,154.0,1.0,-3.9251058945027837,-2.916765072124487,1.2491824969576761
