week,n_events,n_material_conflict,n_verbal_conflict,n_material_coop,n_verbal_coop,mean_goldstein,mean_tone,total_mentions,country,distinct_actors,material_conflict_share,baseline_mean_share,baseline_std_share,baseline_mean_goldstein,escalation_next_1w,label_1w_ahead,label_2w_ahead,n_events_lag1,n_events_lag2,n_events_delta,material_conflict_share_lag1,material_conflict_share_lag2,material_conflict_share_delta,mean_goldstein_lag1,mean_goldstein_lag2,mean_goldstein_delta,distinct_actors_lag1,distinct_actors_lag2,distinct_actors_delta,mean_tone_lag1,mean_tone_lag2,mean_tone_delta
2026-05-04,1423,310,169,156,788,-0.231693605059733,-4.586348000910499,10903,AF,158,0.21784961349262122,,,,0,0,0,,,,,,,,,,,,,,,
2026-05-11,2108,386,329,211,1182,-0.23221062618595828,-4.138460504794674,16500,AF,186,0.18311195445920303,,,,0,0,0,1423.0,,685.0,0.21784961349262122,,-0.03473765903341819,-0.231693605059733,,-0.0005170211262252866,158.0,,28.0,-4.586348000910499,,0.44788749611582546
2026-05-18,1839,402,225,218,994,-0.28836324089178905,-3.6574197255440493,23208,AF,193,0.21859706362153344,,,,0,0,0,2108.0,1423.0,-269.0,0.18311195445920303,0.21784961349262122,0.035485109162330414,-0.23221062618595828,-0.231693605059733,-0.05615261470583077,186.0,158.0,7.0,-4.138460504794674,-4.586348000910499,0.4810407792506246
2026-05-25,1884,358,202,219,1105,0.15164543524416135,-3.369960752494986,18485,AF,187,0.19002123142250532,,,,0,0,1,1839.0,2108.0,45.0,0.21859706362153344,0.18311195445920303,-0.028575832199028123,-0.28836324089178905,-0.23221062618595828,0.4400086761359504,193.0,186.0,-6.0,-3.6574197255440493,-4.138460504794674,0.2874589730490631
2026-06-01,1724,320,222,176,1006,0.055974477958236644,-3.0218986871343643,14499,AF,177,0.18561484918793503,0.20239496574896576,0.018495926920412138,-0.15015550922332976,0,1,0,1884.0,1839.0,-160.0,0.19002123142250532,0.21859706362153344,-0.004406382234570294,0.15164543524416135,-0.28836324089178905,-0.0956709572859247,187.0,193.0,-10.0,-3.369960752494986,-3.6574197255440493,0.3480620653606219
2026-06-08,2632,722,407,273,1230,-1.351709726443769,-5.072538434021112,28379,AF,200,0.2743161094224924,0.19903894243675962,0.01768866718676892,-0.10892951178701646,1,0,0,1724.0,1884.0,908.0,0.18561484918793503,0.19002123142250532,0.08870126023455738,0.055974477958236644,0.15164543524416135,-1.4076842044020057,177.0,187.0,23.0,-3.0218986871343643,-3.369960752494986,-2.050639746886748
2026-06-15,1980,369,229,225,1157,0.1796464646464646,-3.8675645746870533,16645,AF,194,0.18636363636363637,0.21158513693438175,0.03456520122476366,-0.31605954756314186,0,0,1,2632.0,1724.0,-652.0,0.2743161094224924,0.18561484918793503,-0.08795247305885603,-1.351709726443769,0.055974477958236644,1.5313561910902336,200.0,177.0,-6.0,-5.072538434021112,-3.0218986871343643,1.2049738593340589
2026-06-22,2568,458,288,351,1471,0.40202492211838003,-3.255969957276442,36148,AF,210,0.17834890965732086,0.20798206542427525,0.03296213711577153,-0.24524440296176953,0,1,0,1980.0,2632.0,588.0,0.18636363636363637,0.2743161094224924,-0.008014726706315506,0.1796464646464646,-1.351709726443769,0.22237845747191543,194.0,200.0,16.0,-3.8675645746870533,-5.072538434021112,0.6115946174106113
2026-06-29,2689,754,445,223,1267,-1.504313871327631,-5.174970486020228,28402,AF,193,0.28040163629602083,0.20427792095340597,0.03226535809292674,-0.16433573732675083,1,0,0,2568.0,1980.0,121.0,0.17834890965732086,0.18636363636363637,0.10205272663869996,0.40202492211838003,0.1796464646464646,-1.906338793446011,210.0,194.0,-17.0,-3.255969957276442,-3.8675645746870533,-1.9190005287437857
2026-07-06,1710,276,163,172,1099,0.42093567251461983,-2.9571537609945504,14482,AF,176,0.16140350877192983,0.21273611154702982,0.03943083259733809,-0.3132221966601819,0,0,0,2689.0,2568.0,-979.0,0.28040163629602083,0.17834890965732086,-0.118998127524091,-1.504313871327631,0.40202492211838003,1.9252495438422508,193.0,210.0,-17.0,-5.174970486020228,-3.255969957276442,2.2178167250256773
2026-07-13,1818,339,229,237,1013,0.030033003300330027,-3.270511186981525,14761,AF,177,0.18646864686468648,0.20760285126951983,0.04056525192199461,-0.2398064097427018,0,0,0,1710.0,2689.0,108.0,0.16140350877192983,0.28040163629602083,0.02506513809275665,0.42093567251461983,-1.504313871327631,-0.3909026692142898,176.0,193.0,1.0,-2.9571537609945504,-5.174970486020228,-0.31335742598697447
2026-07-20,1588,312,234,243,799,-0.4005037783375315,-4.305527034946141,19534,AF,174,0.1964735516372796,0.20568155995998952,0.039007571834225235,-0.21527555401151705,0,0,,1818.0,1710.0,-230.0,0.18646864686468648,0.16140350877192983,0.01000490477259311,0.030033003300330027,0.42093567251461983,-0.4305367816378615,177.0,176.0,-3.0,-3.270511186981525,-2.9571537609945504,-1.0350158479646159
2026-07-27,1759,403,252,168,936,-0.8122228538942581,-4.993278516329006,18756,AF,161,0.22910744741330302,0.20491422593309705,0.03728712720008388,-0.2307112393720183,0,,,1588.0,1818.0,171.0,0.1964735516372796,0.18646864686468648,0.032633895776023436,-0.4005037783375315,0.030033003300330027,-0.4117190755567266,174.0,177.0,-13.0,-4.305527034946141,-3.270511186981525,-0.6877514813828656
2026-04-27,2,0,2,0,0,-2.0,-2.75520675280701,8,BM,2,0.0,,,,0,0,0,,,,,,,,,,,,,,,
2026-05-04,580,138,43,89,310,-0.3531034482758621,-1.671908330322825,8999,BM,77,0.23793103448275862,,,,0,0,0,2.0,,578.0,0.0,,0.23793103448275862,-2.0,,1.6468965517241378,2.0,,75.0,-2.75520675280701,,1.0832984224841848
2026-05-11,321,73,18,51,179,-0.2781931464174455,-2.302225634600616,3332,BM,71,0.22741433021806853,,,,0,0,1,580.0,2.0,-259.0,0.23793103448275862,0.0,-0.010516704264690091,-0.3531034482758621,-2.0,0.07491030185841657,77.0,2.0,-6.0,-1.671908330322825,-2.75520675280701,-0.630317304277791
2026-05-18,422,101,37,46,238,-0.3191943127962085,-3.853543907115522,3367,BM,68,0.23933649289099526,,,,0,1,0,321.0,580.0,101.0,0.22741433021806853,0.23793103448275862,0.011922162672926728,-0.2781931464174455,-0.3531034482758621,-0.041001166378763,71.0,77.0,-3.0,-2.302225634600616,-1.671908330322825,-1.551318272514906
2026-05-25,281,89,14,18,160,-0.898220640569395,-2.0801237588696573,1467,BM,35,0.3167259786476868,0.1761704643979556,0.11756740121190687,-0.7376227268723791,1,0,0,422.0,321.0,-141.0,0.23933649289099526,0.22741433021806853,0.07738948575669155,-0.3191943127962085,-0.2781931464174455,-0.5790263277731864,68.0,71.0,-33.0,-3.853543907115522,-2.302225634600616,1.7734201482458647
2026-06-01,609,108,37,40,424,0.22495894909688013,-1.1691998610855616,9820,BM,75,0.17733990147783252,0.20428156724790184,0.11965676281762093,-0.7697423096117821,0,0,0,281.0,422.0,328.0,0.3167259786476868,0.23933649289099526,-0.1393860771698543,-0.898220640569395,-0.3191943127962085,1.123179589666275,35.0,68.0,40.0,-2.0801237588696573,-3.853543907115522,0.9109238977840957
2026-06-08,414,120,39,48,207,-0.8753623188405798,-4.098985124678536,4930,BM,71,0.2898550724637681,0.19979128961955697,0.10758795596846145,-0.6039587664936719,0,0,1,609.0,281.0,-195.0,0.17733990147783252,0.3167259786476868,0.11251517098593561,0.22495894909688013,-0.898220640569395,-1.1003212679374599,75.0,35.0,-4.0,-1.1691998610855616,-2.0801237588696573,-2.929785263592974
2026-06-15,273,40,21,28,184,0.7608058608058608,-1.4233348217751445,5071,BM,57,0.14652014652014653,0.21265754431158715,0.1039459336698378,-0.6427307025432302,0,1,0,414.0,609.0,-141.0,0.2898550724637681,0.17733990147783252,-0.1433349259436216,-0.8753623188405798,0.22495894909688013,1.6361681796464405,71.0,75.0,-14.0,-4.098985124678536,-1.1691998610855616,2.6756503029033913
2026-06-22,224,83,27,19,95,-2.1245535714285713,-4.204783946475188,1374,BM,61,0.3705357142857143,0.20439036958765705,0.09903529581652136,-0.46728863212459376,1,0,0,273.0,414.0,-49.0,0.14652014652014653,0.2898550724637681,0.22401556776556777,0.7608058608058608,-0.8753623188405798,-2.885359432234432,57.0,71.0,4.0,-1.4233348217751445,-4.098985124678536,-2.7814491247000435
2026-06-29,249,53,34,25,137,-0.8369477911646587,-3.818731957039056,1708,BM,50,0.21285140562248997,0.22285096344299676,0.10793114851473094,-0.6514291809361468,0,0,0,224.0,273.0,25.0,0.3705357142857143,0.14652014652014653,-0.15768430866322433,-2.1245535714285713,0.7608058608058608,1.2876057802639127,61.0,57.0,-11.0,-4.204783946475188,-1.4233348217751445,0.38605198943613184
2026-07-06,263,48,72,19,124,-0.7323193916349809,-2.8735857010933823,1523,BM,49,0.18250950570342206,0.22185100766094606,0.10180758244988782,-0.669981041958998,0,0,0,249.0,224.0,14.0,0.21285140562248997,0.3705357142857143,-0.03034189991906791,-0.8369477911646587,-2.1245535714285713,0.10462839952967773,50.0,61.0,-1.0,-3.818731957039056,-4.204783946475188,0.9451462559456738
2026-07-13,274,40,26,26,182,0.4350364963503649,-0.46670511544446486,1578,BM,58,0.145985401459854,0.21827450748298932,0.09730884003323544,-0.6756481646568147,0,0,1,263.0,249.0,11.0,0.18250950570342206,0.21285140562248997,-0.036524104243568056,-0.7323193916349809,-0.8369477911646587,1.1673558879853458,49.0,50.0,9.0,-2.8735857010933823,-3.818731957039056,2.4068805856489175
2026-07-20,296,48,34,25,189,-0.014189189189189207,-2.205334441215607,1747,BM,68,0.16216216216216217,0.21225041531439473,0.09509819905487814,-0.583091109572883,0,1,,274.0,263.0,22.0,0.145985401459854,0.18250950570342206,0.01617676070230817,0.4350364963503649,-0.7323193916349809,-0.4492256855395541,58.0,49.0,10.0,-0.46670511544446486,-2.8735857010933823,-1.738629325771142
2026-07-27,233,73,32,23,105,-1.8892703862660944,-3.618226946918302,2597,BM,50,0.3133047210300429,0.208397472764223,0.09210328805219242,-0.539329423389522,1,,,296.0,274.0,-63.0,0.16216216216216217,0.145985401459854,0.15114255886788075,-0.014189189189189207,0.4350364963503649,-1.8750811970769052,68.0,58.0,-18.0,-2.205334441215607,-0.46670511544446486,-1.412892505702695
2026-04-27,19,0,2,0,17,2.4052631578947365,-2.523170098384968,102,CO,7,0.0,,,,0,0,0,,,,,,,,,,,,,,,
2026-05-04,992,183,137,77,595,-0.3432459677419355,-3.465311479824948,8132,CO,135,0.1844758064516129,,,,0,0,0,19.0,,973.0,0.0,,0.1844758064516129,2.4052631578947365,,-2.748509125636672,7.0,,128.0,-2.523170098384968,,-0.9421413814399799
2026-05-11,929,150,91,124,564,0.7316469321851453,-2.8577611552027347,7491,CO,145,0.16146393972012918,,,,0,0,0,992.0,19.0,-63.0,0.1844758064516129,0.0,-0.023011866731483727,-0.3432459677419355,2.4052631578947365,1.0748928999270808,135.0,7.0,10.0,-3.465311479824948,-2.523170098384968,0.6075503246222134
2026-05-18,773,135,147,104,387,-0.21836998706338942,-3.3053419128444985,8141,CO,136,0.17464424320827943,,,,0,0,0,929.0,992.0,-156.0,0.16146393972012918,0.1844758064516129,0.013180303488150247,0.7316469321851453,-0.3432459677419355,-0.9500169192485347,145.0,135.0,-9.0,-2.8577611552027347,-3.465311479824948,-0.44758075764176386
2026-05-25,1362,260,177,141,784,0.15660792951541852,-2.9265163524673183,11470,CO,147,0.19089574155653452,0.13014599734500537,0.08727469312847133,0.6438235338186392,0,0,0,773.0,929.0,589.0,0.17464424320827943,0.16146393972012918,0.016251498348255095,-0.21836998706338942,0.7316469321851453,0.37497791657880797,136.0,145.0,11.0,-3.3053419128444985,-2.8577611552027347,0.3788255603771802
2026-06-01,1598,191,282,151,974,0.6775344180225282,-1.912743946034355,21192,CO,147,0.1195244055068836,0.1422959461873112,0.0803166254884683,0.5463804129579951,0,0,0,1362.0,773.0,236.0,0.19089574155653452,0.17464424320827943,-0.07137133604965092,0.15660792951541852,-0.21836998706338942,0.5209264885071097,147.0,136.0,0.0,-2.9265163524673183,-3.3053419128444985,1.0137724064329634
2026-06-08,892,122,141,86,543,0.5210762331838565,-3.350086991894193,8016,CO,114,0.1367713004484305,0.13850068940723995,0.07243640043544379,0.568239413802084,0,0,0,1598.0,1362.0,-706.0,0.1195244055068836,0.19089574155653452,0.017246894941546895,0.6775344180225282,0.15660792951541852,-0.1564581848386717,147.0,147.0,-33.0,-1.912743946034355,-2.9265163524673183,-1.4373430458598382
2026-06-15,1335,220,197,135,783,0.42449438202247186,-3.2441170938212895,23452,CO,145,0.1647940074906367,0.13825363384169573,0.06612831475147816,0.5615018165709086,0,0,0,892.0,1598.0,443.0,0.1367713004484305,0.1195244055068836,0.02802270704220619,0.5210762331838565,0.6775344180225282,-0.09658185116138468,114.0,147.0,31.0,-3.350086991894193,-1.912743946034355,0.10596989807290358
2026-06-22,2307,334,287,269,1417,0.7628955353272648,-1.5869329034045743,54415,CO,186,0.1447767663632423,0.14157118054781334,0.06193783355161231,0.544375887252354,0,0,0,1335.0,892.0,972.0,0.1647940074906367,0.1367713004484305,-0.020017241127394392,0.42449438202247186,0.5210762331838565,0.338401153304793,145.0,114.0,41.0,-3.2441170938212895,-3.350086991894193,1.6571841904167153
2026-06-29,651,73,83,79,416,0.9906298003072196,-1.812703193878399,4005,CO,116,0.11213517665130568,0.1419273567495277,0.05794739058243983,0.5686558481495663,0,0,0,2307.0,1335.0,-1656.0,0.1447767663632423,0.1647940074906367,-0.03264158971193662,0.7628955353272648,0.42449438202247186,0.22773426497995475,186.0,145.0,-70.0,-1.5869329034045743,-3.2441170938212895,-0.2257702904738248
2026-07-06,747,106,128,88,425,0.38969210174029456,-2.3987489315740493,5145,CO,130,0.14190093708165996,0.1389481387397055,0.055439674119227296,0.6108532433653316,0,0,0,651.0,2307.0,96.0,0.11213517665130568,0.1447767663632423,0.029765760430354282,0.9906298003072196,0.7628955353272648,-0.600937698566925,116.0,186.0,14.0,-1.812703193878399,-1.5869329034045743,-0.5860457376956503
2026-07-13,1870,354,201,156,1159,-0.2710695187165776,-2.603618083372116,19655,CO,122,0.1893048128342246,0.13921657495261044,0.05260222768862451,0.5907476850357828,0,0,1,747.0,651.0,1123.0,0.14190093708165996,0.11213517665130568,0.047403875752564634,0.38969210174029456,0.9906298003072196,-0.6607616204568721,130.0,116.0,-8.0,-2.3987489315740493,-1.812703193878399,-0.20486915179806653
2026-07-20,838,156,94,89,499,-0.0889021479713604,-2.0457078756689127,5348,CO,119,0.18615751789976134,0.14339059477607827,0.05219692245743621,0.5189295847230861,0,1,,1870.0,747.0,-1032.0,0.1893048128342246,0.14190093708165996,-0.0031472949344632517,-0.2710695187165776,0.38969210174029456,0.1821673707452172,122.0,130.0,-3.0,-2.603618083372116,-2.3987489315740493,0.5579102077032032
2026-07-27,1002,223,101,82,596,0.3005988023952096,-2.144948284134234,5920,CO,132,0.22255489021956087,0.14668035809328467,0.05136310487831435,0.47217329759274407,1,,,838.0,1870.0,164.0,0.18615751789976134,0.1893048128342246,0.03639737231979953,-0.0889021479713604,-0.2710695187165776,0.38950095036656995,119.0,122.0,13.0,-2.0457078756689127,-2.603618083372116,-0.09924040846532156
2026-04-27,6,6,0,0,0,-9.666666666666666,-7.830509411537079,27,SU,2,1.0,,,,0,0,0,,,,,,,,,,,,,,,
2026-05-04,1482,339,347,127,669,-1.2597165991902834,-5.101355707320139,10088,SU,159,0.22874493927125505,,,,0,0,0,6.0,,1476.0,1.0,,-0.771255060728745,-9.666666666666666,,8.406950067476382,2.0,,157.0,-7.830509411537079,,2.72915370421694
2026-05-11,1368,277,213,156,722,-0.46644736842105267,-4.537925384932687,10978,SU,158,0.20248538011695907,,,,0,0,0,1482.0,6.0,-114.0,0.22874493927125505,1.0,-0.02625955915429598,-1.2597165991902834,-9.666666666666666,0.7932692307692308,159.0,2.0,-1.0,-5.101355707320139,-7.830509411537079,0.5634303223874522
2026-05-18,976,164,119,115,578,0.0964139344262295,-3.924955653715007,5711,SU,140,0.1680327868852459,,,,0,0,0,1368.0,1482.0,-392.0,0.20248538011695907,0.22874493927125505,-0.03445259323171318,-0.46644736842105267,-1.2597165991902834,0.5628613028472822,158.0,159.0,-18.0,-4.537925384932687,-5.101355707320139,0.6129697312176798
2026-05-25,1093,186,186,75,646,0.05187557182067702,-3.438428970610639,13038,SU,139,0.17017383348581885,0.399815776568365,0.40089440550677136,-2.824104174962943,0,0,0,976.0,1368.0,117.0,0.1680327868852459,0.20248538011695907,0.00214104660057296,0.0964139344262295,-0.46644736842105267,-0.04453836260555248,140.0,158.0,-1.0,-3.924955653715007,-4.537925384932687,0.4865266831043682
2026-06-01,875,188,144,113,430,-0.7644571428571428,-4.146390807462368,5050,SU,141,0.21485714285714286,0.35388738795185576,0.36205569693006656,-2.248908225606219,0,0,0,1093.0,976.0,-218.0,0.17017383348581885,0.1680327868852459,0.044683309371324004,0.05187557182067702,0.0964139344262295,-0.8163327146778199,139.0,140.0,2.0,-3.438428970610639,-3.924955653715007,-0.7079618368517293
2026-06-08,1730,492,297,189,752,-1.4542774566473988,-6.145626315196409,16612,SU,166,0.28439306358381505,0.3307156804360703,0.32876896191519606,-2.001499711814706,0,0,0,875.0,1093.0,855.0,0.21485714285714286,0.17017383348581885,0.0695359207266722,-0.7644571428571428,0.05187557182067702,-0.689820313790256,141.0,139.0,25.0,-4.146390807462368,-3.438428970610639,-1.9992355077340402
2026-06-15,1479,398,216,109,756,-1.254293441514537,-4.6282269443573,9558,SU,175,0.2691007437457742,0.32409816374289097,0.3006338846880392,-1.9233251039336625,0,0,0,1730.0,875.0,-251.0,0.28439306358381505,0.21485714285714286,-0.015292319838040858,-1.4542774566473988,-0.7644571428571428,0.1999840151328618,166.0,141.0,9.0,-6.145626315196409,-4.146390807462368,1.517399370839109
2026-06-22,1628,345,300,160,823,-0.8956388206388206,-5.052037843876964,9577,SU,162,0.2119164619164619,0.31722348624325136,0.2790112702322446,-1.8396961461312717,0,0,0,1479.0,1730.0,149.0,0.2691007437457742,0.28439306358381505,-0.05718428182931229,-1.254293441514537,-1.4542774566473988,0.3586546208757164,175.0,166.0,-13.0,-4.6282269443573,-6.145626315196409,-0.42381089951966455
2026-06-29,1482,460,224,85,713,-2.110728744939271,-5.575330905539569,10508,SU,137,0.31039136302294196,0.30552270576249696,0.2633411327095779,-1.7348008877432217,0,0,0,1628.0,1479.0,-146.0,0.2119164619164619,0.2691007437457742,0.09847490110648005,-0.8956388206388206,-1.254293441514537,-1.2150899243004505,162.0,175.0,-25.0,-5.052037843876964,-4.6282269443573,-0.5232930616626046
2026-07-06,1448,366,197,137,748,-1.2391574585635359,-4.841747440281648,9520,SU,144,0.2527624309392265,0.30600957148854147,0.248285174492575,-1.7723936734628267,0,0,0,1482.0,1628.0,-34.0,0.31039136302294196,0.2119164619164619,-0.057628932083715445,-2.110728744939271,-0.8956388206388206,0.8715712863757352,137.0,162.0,7.0,-5.575330905539569,-5.052037843876964,0.7335834652579205
2026-07-13,1239,281,252,140,566,-0.9142857142857143,-4.981023250200824,7501,SU,144,0.22679580306698952,0.3011689223476947,0.23609050343179872,-1.7239176539265273,0,0,0,1448.0,1482.0,-209.0,0.2527624309392265,0.31039136302294196,-0.025966627872236997,-1.2391574585635359,-2.110728744939271,0.3248717442778216,144.0,137.0,0.0,-4.841747440281648,-5.575330905539569,-0.13927580991917576
2026-07-20,1208,238,210,108,652,-0.4720198675496689,-3.8513807222666574,9001,SU,155,0.19701986754966888,0.29497116240763593,0.22612500007317926,-1.6564483256231262,0,0,,1239.0,1448.0,-31.0,0.22679580306698952,0.2527624309392265,-0.029775935517320634,-0.9142857142857143,-1.2391574585635359,0.44226584673604535,144.0,144.0,11.0,-4.981023250200824,-4.841747440281648,1.1296425279341666
2026-07-27,959,241,132,95,491,-0.9615224191866528,-3.6828246153866613,6047,SU,123,0.251303441084463,0.2874364474185615,0.21819603061502504,-1.5653384442328604,0,,,1208.0,1239.0,-249.0,0.19701986754966888,0.22679580306698952,0.05428357353479413,-0.4720198675496689,-0.9142857142857143,-0.4895025516369839,155.0,144.0,-32.0,-3.8513807222666574,-4.981023250200824,0.16855610687999611
